user_id,restaurant_id,interaction_type,weight
1,286,view,1
1,230,view,1
1,115,click,3
1,65,view,1
1,80,view,1
1,147,view,1
1,273,order,5
1,78,view,1
1,262,view,1
1,118,order,5
1,83,click,3
1,195,order,5
1,74,view,1
1,206,order,5
1,293,click,3
2,41,click,3
2,136,order,5
2,66,view,1
2,94,click,3
2,239,view,1
2,169,view,1
2,268,view,1
2,13,click,3
2,34,view,1
2,142,click,3
2,88,view,1
2,294,order,5
2,68,order,5
2,188,view,1
2,190,view,1
2,119,view,1
2,245,order,5
2,48,view,1
2,139,click,3
3,249,view,1
3,15,click,3
3,135,view,1
3,107,click,3
3,160,view,1
3,106,click,3
3,110,order,5
3,116,view,1
3,221,order,5
3,207,order,5
3,86,order,5
3,213,view,1
3,234,order,5
3,32,view,1
3,155,view,1
4,37,click,3
4,31,view,1
4,215,view,1
4,89,view,1
4,266,order,5
4,221,click,3
4,190,view,1
4,84,order,5
4,195,view,1
4,291,view,1
4,35,view,1
4,93,order,5
4,58,click,3
4,103,click,3
4,212,view,1
4,128,view,1
5,19,view,1
5,11,click,3
5,113,view,1
5,158,view,1
5,116,order,5
5,161,view,1
5,209,order,5
5,201,view,1
5,107,order,5
5,176,order,5
5,179,click,3
5,101,view,1
5,228,click,3
5,193,click,3
5,21,order,5
5,145,view,1
5,272,view,1
5,16,view,1
5,270,click,3
6,12,order,5
6,54,order,5
6,127,order,5
6,225,order,5
6,150,click,3
6,246,order,5
6,279,order,5
6,250,view,1
7,156,view,1
7,266,view,1
7,168,view,1
7,98,click,3
7,187,order,5
7,177,click,3
7,23,click,3
7,100,view,1
7,74,order,5
7,251,order,5
7,250,view,1
7,118,order,5
7,209,view,1
7,29,order,5
7,273,order,5
7,157,click,3
7,72,view,1
8,175,order,5
8,26,view,1
8,204,view,1
8,257,click,3
8,3,click,3
8,137,view,1
8,60,order,5
8,156,click,3
8,248,click,3
9,104,view,1
9,233,order,5
9,64,view,1
9,176,click,3
9,279,view,1
9,170,view,1
9,44,order,5
9,172,view,1
9,33,view,1
9,150,order,5
9,56,click,3
9,196,click,3
9,5,view,1
10,74,order,5
10,299,click,3
10,262,click,3
10,58,view,1
10,287,view,1
10,152,click,3
10,187,view,1
10,52,view,1
10,83,view,1
10,182,click,3
10,206,order,5
10,37,view,1
10,63,click,3
10,62,view,1
10,100,view,1
10,48,click,3
11,101,view,1
11,277,view,1
11,137,view,1
11,95,click,3
11,292,click,3
11,103,view,1
11,90,view,1
11,193,view,1
11,6,order,5
11,190,view,1
12,18,order,5
12,262,view,1
12,241,click,3
12,187,click,3
12,83,order,5
12,266,order,5
12,74,click,3
12,198,view,1
12,48,view,1
12,287,order,5
12,181,order,5
12,201,order,5
13,158,click,3
13,78,view,1
13,146,view,1
13,281,order,5
13,194,click,3
13,96,view,1
13,111,view,1
13,16,click,3
13,8,view,1
13,79,view,1
13,209,click,3
13,230,click,3
13,152,order,5
13,17,view,1
13,271,view,1
13,81,click,3
13,9,click,3
14,255,view,1
14,193,click,3
14,122,view,1
14,156,order,5
14,191,click,3
14,244,click,3
14,13,order,5
14,8,order,5
14,40,order,5
14,137,view,1
14,149,view,1
14,49,click,3
14,35,view,1
14,278,click,3
14,184,order,5
15,23,view,1
15,182,click,3
15,273,click,3
15,208,view,1
15,118,click,3
15,197,order,5
15,258,order,5
15,178,view,1
15,255,view,1
15,170,click,3
15,150,click,3
15,181,click,3
15,282,click,3
15,168,order,5
15,171,view,1
15,152,click,3
15,230,view,1
15,100,view,1
15,198,click,3
16,224,view,1
16,204,view,1
16,244,order,5
16,271,view,1
16,148,view,1
16,96,click,3
16,217,view,1
16,152,view,1
16,4,view,1
16,282,click,3
16,98,view,1
16,300,view,1
17,9,view,1
17,182,order,5
17,175,order,5
17,102,view,1
17,127,view,1
17,138,view,1
17,56,order,5
17,79,click,3
17,119,view,1
17,154,order,5
17,281,view,1
17,145,view,1
17,209,view,1
17,216,click,3
17,181,click,3
17,135,view,1
17,169,view,1
18,256,view,1
18,171,click,3
18,80,view,1
18,221,click,3
18,166,order,5
18,58,view,1
18,120,order,5
18,195,view,1
18,229,view,1
18,83,click,3
18,259,click,3
18,118,view,1
18,70,click,3
18,251,view,1
19,87,view,1
19,111,click,3
19,217,click,3
19,171,click,3
19,125,order,5
19,196,click,3
19,272,order,5
19,243,order,5
19,249,view,1
19,48,view,1
19,150,view,1
19,1,view,1
19,233,click,3
19,66,view,1
19,50,view,1
19,170,view,1
19,158,click,3
19,56,click,3
19,45,order,5
19,250,view,1
20,12,click,3
20,55,view,1
20,265,click,3
20,179,view,1
20,264,order,5
20,289,order,5
20,16,view,1
20,220,click,3
20,64,click,3
20,286,order,5
20,151,view,1
20,274,click,3
20,194,order,5
20,49,view,1
20,181,click,3
20,4,view,1
20,10,click,3
20,214,view,1
20,51,order,5
20,172,view,1
21,40,view,1
21,169,click,3
21,53,click,3
21,170,view,1
21,133,order,5
21,46,order,5
21,197,view,1
21,201,view,1
21,68,view,1
21,66,view,1
21,190,order,5
21,218,click,3
21,167,view,1
21,236,view,1
21,294,view,1
21,106,view,1
21,63,view,1
22,181,view,1
22,264,click,3
22,17,view,1
22,179,view,1
22,45,click,3
22,165,view,1
22,293,order,5
22,257,view,1
22,250,view,1
22,198,view,1
22,202,order,5
22,145,click,3
22,163,view,1
22,81,view,1
22,161,click,3
23,138,order,5
23,117,order,5
23,45,view,1
23,272,click,3
23,179,click,3
23,7,view,1
23,170,click,3
23,33,click,3
23,250,click,3
23,101,view,1
23,186,order,5
23,289,view,1
23,273,click,3
23,104,view,1
23,265,view,1
23,60,view,1
23,226,view,1
23,36,click,3
24,150,click,3
24,35,view,1
24,68,order,5
24,227,click,3
24,234,order,5
24,28,click,3
24,66,order,5
24,19,click,3
24,149,order,5
24,60,view,1
24,237,view,1
24,187,click,3
24,196,click,3
24,6,click,3
24,273,click,3
24,132,click,3
25,179,view,1
25,207,order,5
25,202,view,1
25,1,order,5
25,12,view,1
25,204,view,1
25,264,view,1
25,216,view,1
25,196,view,1
25,208,view,1
25,224,view,1
25,220,view,1
25,222,order,5
25,16,view,1
25,13,view,1
25,112,view,1
25,164,order,5
25,244,order,5
25,91,order,5
26,250,order,5
26,55,view,1
26,195,view,1
26,133,view,1
26,45,order,5
26,266,view,1
26,106,click,3
26,279,view,1
26,170,view,1
26,141,click,3
26,236,click,3
26,203,order,5
27,84,view,1
27,98,view,1
27,122,click,3
27,55,order,5
27,8,order,5
27,193,view,1
27,3,view,1
27,244,order,5
27,269,click,3
27,198,click,3
27,181,view,1
27,192,view,1
27,283,order,5
27,99,click,3
27,184,view,1
27,240,order,5
27,156,click,3
27,190,order,5
27,208,view,1
27,85,view,1
28,241,view,1
28,100,view,1
28,83,view,1
28,168,view,1
28,23,view,1
28,93,view,1
28,120,view,1
28,178,click,3
28,262,click,3
28,174,view,1
28,102,order,5
28,29,view,1
28,68,order,5
28,179,order,5
28,227,view,1
28,80,view,1
28,110,order,5
28,115,view,1
28,287,view,1
28,72,click,3
29,67,view,1
29,46,click,3
29,196,click,3
29,141,click,3
29,1,view,1
29,44,view,1
29,161,click,3
29,220,click,3
29,243,order,5
29,54,click,3
29,104,order,5
29,55,order,5
29,70,click,3
29,107,view,1
29,153,view,1
29,202,click,3
29,264,click,3
29,118,view,1
29,80,click,3
29,293,view,1
30,100,view,1
30,107,view,1
30,46,view,1
30,208,view,1
30,141,view,1
30,181,view,1
30,152,order,5
30,239,click,3
30,86,order,5
30,286,view,1
30,145,order,5
30,98,view,1
30,24,view,1
30,179,order,5
30,105,view,1
30,265,view,1
30,180,order,5
30,81,click,3
31,141,order,5
31,264,click,3
31,202,view,1
31,145,order,5
31,270,view,1
31,179,view,1
31,66,view,1
31,208,view,1
31,124,view,1
32,274,view,1
32,161,view,1
32,47,order,5
32,197,view,1
32,9,click,3
32,234,view,1
32,169,view,1
32,188,view,1
32,118,click,3
32,94,order,5
32,149,view,1
32,264,order,5
32,63,view,1
32,111,click,3
32,66,click,3
33,41,view,1
33,238,order,5
33,187,view,1
33,169,order,5
33,221,click,3
33,262,view,1
33,21,click,3
33,195,order,5
33,100,click,3
33,178,view,1
33,172,click,3
33,168,click,3
33,86,view,1
33,251,order,5
34,96,click,3
34,224,view,1
34,9,view,1
34,78,order,5
34,292,click,3
34,209,view,1
34,189,view,1
34,271,view,1
34,15,view,1
34,160,view,1
34,97,view,1
34,148,order,5
34,111,order,5
35,195,click,3
35,189,view,1
35,281,click,3
35,151,view,1
35,259,view,1
35,111,view,1
35,201,view,1
35,223,click,3
35,271,view,1
35,78,view,1
35,76,click,3
35,176,view,1
35,299,view,1
36,178,order,5
36,187,order,5
36,230,click,3
36,214,order,5
36,85,view,1
36,23,order,5
36,256,order,5
36,258,order,5
37,17,view,1
37,29,order,5
37,140,order,5
37,269,view,1
37,113,order,5
37,138,view,1
37,206,view,1
37,100,view,1
37,144,view,1
37,129,order,5
37,9,click,3
37,270,view,1
37,296,order,5
37,3,order,5
37,242,order,5
37,193,order,5
38,279,view,1
38,10,order,5
38,170,view,1
38,218,click,3
38,33,order,5
38,191,click,3
38,243,click,3
38,127,view,1
38,46,view,1
38,233,view,1
38,270,view,1
38,1,view,1
38,194,click,3
38,45,click,3
38,208,view,1
38,172,click,3
39,239,order,5
39,199,view,1
39,94,view,1
39,169,order,5
39,194,view,1
39,188,order,5
39,261,view,1
39,68,click,3
39,82,click,3
39,241,order,5
39,8,view,1
40,186,order,5
40,252,view,1
40,192,click,3
40,257,view,1
40,234,view,1
40,156,click,3
40,98,view,1
40,245,view,1
40,14,view,1
40,269,order,5
40,195,click,3
40,8,view,1
40,99,order,5
40,237,order,5
40,80,view,1
40,250,order,5
41,195,click,3
41,293,view,1
41,145,click,3
41,2,order,5
41,179,order,5
41,216,view,1
41,141,order,5
41,24,view,1
41,265,click,3
41,181,click,3
41,202,click,3
41,273,order,5
41,12,click,3
41,243,view,1
41,84,view,1
41,99,click,3
41,208,click,3
41,286,click,3
41,295,view,1
41,153,view,1
42,152,view,1
42,58,view,1
42,171,view,1
42,102,view,1
42,100,view,1
42,273,click,3
42,241,click,3
42,83,order,5
42,18,order,5
42,118,click,3
42,121,view,1
42,91,view,1
42,212,click,3
42,168,view,1
43,110,view,1
43,175,order,5
43,157,view,1
43,165,view,1
43,255,order,5
43,80,click,3
43,244,order,5
43,162,click,3
43,137,click,3
43,81,view,1
43,82,click,3
44,281,order,5
44,78,click,3
44,271,order,5
44,245,order,5
44,51,order,5
44,187,click,3
44,206,click,3
44,176,order,5
44,142,click,3
45,50,view,1
45,234,view,1
45,262,click,3
45,100,view,1
45,110,order,5
45,280,order,5
45,16,view,1
45,225,order,5
45,172,view,1
45,246,view,1
45,59,order,5
45,8,order,5
45,26,view,1
45,293,click,3
45,55,view,1
45,7,click,3
46,121,view,1
46,65,click,3
46,70,view,1
46,167,view,1
46,76,order,5
46,277,view,1
46,222,click,3
46,282,click,3
46,4,click,3
47,264,view,1
47,145,view,1
47,181,view,1
47,274,click,3
47,211,view,1
47,153,click,3
47,141,order,5
47,283,view,1
47,95,click,3
47,220,view,1
47,89,order,5
47,9,view,1
47,195,click,3
47,158,view,1
47,286,view,1
47,124,view,1
48,171,view,1
48,178,view,1
48,72,view,1
48,102,view,1
48,198,click,3
48,262,click,3
48,239,view,1
48,78,click,3
48,100,view,1
48,241,click,3
48,66,click,3
48,179,view,1
48,221,view,1
48,273,order,5
48,258,click,3
48,279,click,3
48,228,view,1
48,120,view,1
48,74,view,1
49,26,view,1
49,162,order,5
49,156,click,3
49,133,view,1
49,51,view,1
49,269,order,5
49,198,view,1
49,255,view,1
49,257,order,5
49,254,order,5
49,123,click,3
49,175,click,3
49,80,view,1
49,120,order,5
49,85,click,3
50,46,order,5
50,19,click,3
50,90,order,5
50,39,view,1
50,195,order,5
50,4,view,1
50,297,view,1
50,252,order,5
50,125,view,1
51,246,view,1
51,66,order,5
51,36,click,3
51,104,click,3
51,170,view,1
51,127,order,5
51,32,order,5
51,10,order,5
51,185,view,1
51,182,click,3
51,69,click,3
51,293,order,5
51,1,view,1
51,39,order,5
51,248,click,3
51,45,order,5
51,117,click,3
51,113,order,5
51,226,view,1
52,129,view,1
52,295,view,1
52,238,order,5
52,116,view,1
52,33,view,1
52,270,view,1
52,134,order,5
52,29,click,3
52,34,click,3
52,296,view,1
52,113,view,1
52,228,order,5
53,207,click,3
53,286,click,3
53,27,click,3
53,272,click,3
53,64,view,1
53,220,click,3
53,67,view,1
53,195,click,3
53,81,view,1
54,171,click,3
54,73,order,5
54,259,view,1
54,121,click,3
54,274,view,1
54,230,view,1
54,241,view,1
54,273,click,3
54,85,click,3
54,187,view,1
54,20,view,1
54,51,click,3
54,160,order,5
55,274,order,5
55,265,view,1
55,272,click,3
55,202,order,5
55,252,view,1
55,181,order,5
55,46,order,5
55,208,click,3
55,81,order,5
56,137,view,1
56,191,click,3
56,156,view,1
56,81,view,1
56,100,order,5
56,283,order,5
56,111,click,3
56,193,view,1
56,184,order,5
56,255,click,3
56,221,order,5
56,26,view,1
56,108,view,1
56,204,click,3
57,220,order,5
57,149,click,3
57,144,view,1
57,20,order,5
57,255,view,1
57,145,order,5
57,117,view,1
57,175,order,5
58,151,view,1
58,227,order,5
58,138,view,1
58,38,view,1
58,35,order,5
58,131,order,5
58,279,order,5
58,232,view,1
58,201,view,1
58,297,click,3
58,184,order,5
58,23,view,1
58,206,click,3
59,220,order,5
59,233,view,1
59,97,view,1
59,137,click,3
59,231,view,1
59,273,click,3
59,152,click,3
59,143,view,1
59,211,order,5
59,297,view,1
59,119,order,5
59,81,click,3
59,232,click,3
59,206,order,5
59,77,view,1
59,111,order,5
59,228,view,1
60,15,view,1
60,110,view,1
60,42,view,1
60,62,view,1
60,160,order,5
60,215,view,1
60,249,order,5
60,105,view,1
61,38,view,1
61,262,order,5
61,35,order,5
61,66,view,1
61,6,view,1
61,297,click,3
61,166,view,1
61,146,view,1
61,232,view,1
62,290,order,5
62,17,view,1
62,109,view,1
62,186,order,5
62,222,order,5
62,182,view,1
62,144,click,3
62,267,order,5
62,54,click,3
62,140,click,3
62,76,click,3
62,26,order,5
62,228,click,3
62,124,view,1
62,70,view,1
62,219,click,3
62,121,click,3
63,91,order,5
63,221,view,1
63,178,view,1
63,100,view,1
63,58,view,1
63,191,view,1
63,140,view,1
63,157,view,1
63,102,click,3
63,225,view,1
63,195,view,1
63,118,view,1
63,74,click,3
63,273,view,1
63,108,click,3
63,258,view,1
63,230,click,3
64,244,order,5
64,33,view,1
64,263,view,1
64,297,view,1
64,103,view,1
64,142,view,1
64,154,click,3
64,87,view,1
64,206,click,3
64,187,view,1
64,39,view,1
64,271,order,5
64,111,order,5
64,62,click,3
65,198,view,1
65,74,view,1
65,170,view,1
65,230,view,1
65,178,view,1
65,100,click,3
65,23,view,1
65,273,view,1
65,187,order,5
65,167,click,3
65,139,view,1
66,87,view,1
66,150,view,1
66,46,view,1
66,195,click,3
66,1,view,1
66,280,order,5
66,268,click,3
66,78,view,1
66,33,click,3
66,218,view,1
66,45,view,1
66,172,click,3
66,243,view,1
66,104,view,1
67,94,order,5
67,121,view,1
67,136,order,5
67,124,order,5
67,239,view,1
67,182,order,5
67,283,click,3
67,44,click,3
67,194,click,3
67,52,order,5
67,169,order,5
67,137,order,5
67,197,view,1
67,201,order,5
67,88,click,3
67,66,order,5
67,155,order,5
67,170,view,1
67,254,view,1
68,90,order,5
68,66,view,1
68,272,order,5
68,94,click,3
68,254,view,1
68,68,view,1
68,52,order,5
68,201,order,5
68,5,click,3
68,190,view,1
68,83,click,3
68,147,view,1
68,88,click,3
68,174,view,1
68,191,order,5
68,232,click,3
68,142,view,1
68,239,click,3
68,27,view,1
69,196,click,3
69,180,order,5
69,7,view,1
69,127,view,1
69,162,view,1
69,172,view,1
69,69,order,5
69,101,order,5
69,264,click,3
69,250,view,1
69,56,order,5
70,250,order,5
70,123,view,1
70,255,click,3
70,127,view,1
70,29,view,1
70,150,view,1
70,272,order,5
70,237,order,5
70,122,view,1
71,289,view,1
71,216,view,1
71,111,order,5
71,103,order,5
71,211,order,5
71,178,view,1
71,181,view,1
71,143,order,5
71,124,order,5
71,251,click,3
71,96,view,1
71,264,click,3
72,60,view,1
72,269,order,5
72,216,view,1
72,283,click,3
72,175,click,3
72,255,click,3
72,245,view,1
72,137,click,3
72,204,view,1
72,193,view,1
72,184,view,1
73,243,order,5
73,280,click,3
73,233,view,1
73,250,view,1
73,300,order,5
73,217,view,1
73,150,order,5
73,246,view,1
73,127,order,5
73,8,view,1
73,172,click,3
73,262,click,3
73,196,order,5
73,152,order,5
73,224,view,1
74,198,view,1
74,205,view,1
74,19,order,5
74,18,order,5
74,102,view,1
74,41,view,1
74,161,view,1
74,259,order,5
74,157,view,1
74,171,view,1
75,174,order,5
75,64,view,1
75,15,order,5
75,107,click,3
75,236,click,3
75,135,view,1
75,207,view,1
75,13,view,1
75,50,click,3
75,9,click,3
75,213,view,1
75,111,view,1
75,2,order,5
75,200,view,1
75,212,click,3
76,150,view,1
76,279,view,1
76,196,view,1
76,226,click,3
76,130,order,5
76,33,order,5
76,275,click,3
76,171,view,1
76,273,view,1
76,170,view,1
77,200,order,5
77,130,click,3
77,44,click,3
77,277,order,5
77,193,order,5
77,108,view,1
77,40,order,5
77,240,click,3
77,170,view,1
77,300,click,3
77,121,click,3
78,262,view,1
78,271,click,3
78,125,click,3
78,22,view,1
78,101,order,5
78,95,click,3
78,39,view,1
78,19,view,1
78,85,order,5
78,84,view,1
78,166,view,1
78,92,click,3
78,6,view,1
79,31,click,3
79,224,order,5
79,32,view,1
79,106,click,3
79,206,view,1
79,216,click,3
79,189,click,3
79,68,view,1
79,209,click,3
79,212,order,5
79,29,order,5
79,151,order,5
79,83,view,1
80,72,order,5
80,294,click,3
80,228,view,1
80,30,view,1
80,61,view,1
80,244,order,5
80,77,view,1
80,189,order,5
80,63,order,5
80,66,view,1
80,197,view,1
81,213,click,3
81,151,view,1
81,13,click,3
81,25,view,1
81,50,click,3
81,253,click,3
81,207,view,1
81,284,view,1
81,173,view,1
81,135,view,1
81,255,click,3
81,62,view,1
81,42,view,1
81,174,click,3
81,236,click,3
82,103,order,5
82,84,view,1
82,166,order,5
82,95,click,3
82,38,order,5
82,118,view,1
82,208,view,1
82,19,view,1
82,265,order,5
82,106,view,1
82,6,click,3
82,37,view,1
82,297,view,1
82,141,view,1
82,227,order,5
82,274,view,1
82,90,order,5
82,146,order,5
82,181,order,5
83,23,click,3
83,38,view,1
83,234,view,1
83,16,order,5
83,215,order,5
83,106,click,3
83,194,order,5
83,43,click,3
83,9,view,1
83,187,order,5
83,160,click,3
83,105,click,3
83,264,click,3
84,259,view,1
84,74,order,5
84,273,view,1
84,230,view,1
84,251,click,3
84,178,click,3
84,81,view,1
84,255,click,3
85,216,view,1
85,78,order,5
85,171,click,3
85,67,view,1
85,255,click,3
85,206,click,3
85,292,click,3
85,60,order,5
85,174,view,1
85,271,view,1
85,192,click,3
85,263,order,5
85,16,view,1
85,96,order,5
85,24,click,3
85,170,view,1
85,281,view,1
85,193,view,1
86,210,view,1
86,102,order,5
86,128,view,1
86,174,view,1
86,109,click,3
86,213,click,3
86,207,order,5
86,223,view,1
86,173,order,5
86,106,click,3
86,51,order,5
87,158,order,5
87,260,click,3
87,22,view,1
87,276,view,1
87,244,view,1
87,79,view,1
87,7,view,1
87,21,view,1
87,29,order,5
87,289,order,5
87,194,order,5
87,264,click,3
87,159,order,5
87,180,click,3
87,270,view,1
87,222,view,1
87,287,view,1
87,288,click,3
87,131,view,1
88,121,view,1
88,239,click,3
88,53,order,5
88,276,click,3
88,275,view,1
88,164,click,3
88,266,order,5
88,205,view,1
88,88,view,1
88,182,view,1
89,55,view,1
89,294,click,3
89,293,order,5
89,256,order,5
89,194,view,1
89,228,click,3
89,188,view,1
89,211,view,1
89,295,view,1
89,246,view,1
90,198,view,1
90,171,view,1
90,246,view,1
90,178,click,3
90,74,click,3
90,258,click,3
90,117,order,5
90,277,view,1
90,15,view,1
90,240,view,1
90,187,view,1
90,31,click,3
90,55,view,1
90,44,click,3
91,250,order,5
91,90,view,1
91,37,click,3
91,84,view,1
91,148,view,1
91,16,view,1
91,232,click,3
91,42,click,3
91,273,click,3
91,15,order,5
91,151,order,5
91,160,view,1
91,29,view,1
91,92,click,3
91,96,view,1
91,247,view,1
92,156,click,3
92,50,view,1
92,69,order,5
92,119,click,3
92,224,click,3
92,32,order,5
92,75,order,5
92,211,order,5
92,192,click,3
92,139,order,5
92,9,view,1
92,164,order,5
92,67,click,3
93,268,view,1
93,254,click,3
93,221,view,1
93,31,click,3
93,66,order,5
93,266,view,1
93,294,click,3
93,91,click,3
94,226,order,5
94,199,click,3
94,167,click,3
94,217,order,5
94,3,view,1
94,182,view,1
94,239,view,1
94,59,view,1
94,12,click,3
94,66,view,1
94,201,view,1
94,265,view,1
94,197,view,1
95,279,order,5
95,13,view,1
95,33,click,3
95,1,click,3
95,157,click,3
95,31,order,5
95,196,click,3
95,220,view,1
95,82,order,5
95,147,click,3
95,170,click,3
95,36,click,3
95,133,view,1
95,188,click,3
96,56,view,1
96,127,view,1
96,224,view,1
96,69,view,1
96,196,view,1
96,33,view,1
96,280,view,1
96,187,view,1
96,149,view,1
96,247,click,3
96,246,view,1
96,16,view,1
97,26,view,1
97,111,view,1
97,269,click,3
97,281,view,1
97,148,order,5
97,97,view,1
97,96,order,5
97,209,view,1
97,9,click,3
97,152,click,3
97,224,view,1
97,154,view,1
98,173,order,5
98,128,view,1
98,105,view,1
98,110,view,1
98,135,view,1
98,14,click,3
98,13,view,1
98,223,view,1
98,153,click,3
98,116,view,1
98,35,view,1
98,62,click,3
98,51,view,1
98,122,order,5
99,123,click,3
99,254,view,1
99,283,view,1
99,197,view,1
99,269,view,1
99,98,order,5
99,59,view,1
99,177,view,1
99,30,click,3
99,46,order,5
99,214,view,1
99,17,click,3
99,184,click,3
99,193,view,1
99,60,view,1
99,11,order,5
99,176,view,1
100,128,order,5
100,272,click,3
100,133,order,5
100,217,click,3
100,103,view,1
100,280,click,3
100,9,view,1
100,238,view,1
100,245,order,5
100,87,view,1
100,127,view,1
100,13,view,1
100,113,click,3
100,1,view,1
100,233,click,3
101,181,click,3
101,277,click,3
101,27,view,1
101,91,order,5
101,12,click,3
101,220,order,5
101,114,order,5
101,221,click,3
101,186,order,5
101,276,view,1
101,34,view,1
101,252,view,1
101,214,view,1
102,178,view,1
102,100,click,3
102,251,order,5
102,74,click,3
102,58,view,1
102,157,order,5
102,102,view,1
102,296,view,1
102,262,click,3
102,198,view,1
102,280,view,1
103,284,order,5
103,109,click,3
103,74,view,1
103,164,order,5
103,178,order,5
103,31,order,5
103,222,click,3
103,54,view,1
103,55,order,5
103,76,click,3
103,290,view,1
103,171,view,1
103,73,click,3
103,158,order,5
103,298,order,5
104,157,view,1
104,42,view,1
104,83,view,1
104,102,click,3
104,178,click,3
104,171,order,5
104,41,click,3
104,13,view,1
104,168,click,3
104,82,view,1
104,267,click,3
104,120,view,1
104,234,view,1
104,35,click,3
104,252,click,3
105,152,order,5
105,286,order,5
105,143,order,5
105,281,click,3
105,206,click,3
105,258,order,5
105,78,click,3
105,271,click,3
105,263,click,3
106,43,order,5
106,97,order,5
106,50,click,3
106,142,view,1
106,51,view,1
106,206,view,1
106,202,click,3
106,119,order,5
107,186,click,3
107,195,view,1
107,37,view,1
107,262,view,1
107,149,order,5
107,141,order,5
107,151,click,3
107,22,order,5
107,78,view,1
107,298,order,5
108,11,view,1
108,242,click,3
108,60,click,3
108,158,order,5
108,184,click,3
108,228,click,3
108,269,view,1
108,171,click,3
108,270,view,1
108,289,order,5
108,294,click,3
108,113,order,5
108,79,order,5
108,263,view,1
108,6,view,1
108,266,view,1
108,17,view,1
108,278,view,1
108,193,order,5
109,288,click,3
109,93,view,1
109,7,click,3
109,207,view,1
109,159,click,3
109,260,order,5
109,29,order,5
109,194,view,1
109,66,click,3
109,168,view,1
109,50,view,1
109,60,order,5
109,185,view,1
109,6,view,1
109,56,order,5
110,151,view,1
110,90,click,3
110,171,view,1
110,69,view,1
110,195,click,3
110,284,order,5
110,75,view,1
110,178,click,3
110,217,order,5
110,87,order,5
110,71,view,1
111,281,click,3
111,271,view,1
111,216,view,1
111,78,view,1
111,71,view,1
111,142,order,5
111,9,click,3
111,96,view,1
111,15,order,5
111,164,click,3
111,200,view,1
111,30,order,5
111,26,click,3
111,117,view,1
111,154,order,5
111,189,order,5
111,111,view,1
112,211,order,5
112,9,order,5
112,115,view,1
112,216,order,5
112,30,order,5
112,298,view,1
112,154,view,1
112,276,view,1
112,209,view,1
112,281,click,3
112,165,view,1
112,99,view,1
112,82,click,3
112,111,view,1
112,239,order,5
113,194,click,3
113,197,view,1
113,268,view,1
113,66,view,1
113,63,view,1
113,88,order,5
113,151,click,3
113,294,view,1
113,53,click,3
113,254,click,3
113,273,view,1
113,226,view,1
113,101,click,3
114,266,view,1
114,34,view,1
114,35,click,3
114,229,view,1
114,132,order,5
114,232,order,5
114,57,click,3
114,159,order,5
114,260,order,5
115,199,click,3
115,136,view,1
115,94,click,3
115,77,view,1
115,161,view,1
115,66,view,1
115,145,order,5
115,22,view,1
115,104,order,5
115,294,click,3
116,125,order,5
116,221,view,1
116,258,view,1
116,29,order,5
116,265,view,1
116,278,view,1
116,291,order,5
116,58,order,5
116,178,order,5
116,273,view,1
116,249,click,3
116,23,view,1
116,264,view,1
116,259,view,1
116,251,click,3
116,168,click,3
116,198,view,1
116,194,order,5
116,105,order,5
117,232,view,1
117,8,click,3
117,90,order,5
117,195,view,1
117,55,click,3
117,264,view,1
117,121,order,5
117,87,view,1
117,94,view,1
117,201,view,1
117,37,click,3
117,239,view,1
117,38,order,5
117,160,view,1
117,92,order,5
117,146,order,5
117,151,order,5
118,143,view,1
118,111,click,3
118,225,order,5
118,271,click,3
118,195,view,1
118,133,click,3
118,292,view,1
118,197,view,1
118,130,view,1
118,206,view,1
118,216,view,1
118,83,click,3
118,280,click,3
118,152,view,1
118,250,click,3
119,75,view,1
119,228,order,5
119,237,click,3
119,3,click,3
119,283,order,5
119,269,click,3
119,40,order,5
119,156,view,1
120,270,order,5
120,183,view,1
120,154,view,1
120,73,order,5
120,50,view,1
120,46,view,1
120,186,view,1
120,203,view,1
120,121,view,1
120,55,click,3
120,6,view,1
120,32,view,1
120,30,order,5
121,284,order,5
121,154,view,1
121,164,view,1
121,205,view,1
121,228,click,3
121,257,view,1
121,150,view,1
121,144,order,5
121,290,click,3
121,178,view,1
121,73,view,1
122,239,order,5
122,294,click,3
122,296,view,1
122,134,view,1
122,266,view,1
122,229,order,5
122,137,view,1
122,17,click,3
122,295,view,1
123,69,view,1
123,7,order,5
123,33,view,1
123,208,order,5
123,87,click,3
123,1,view,1
123,230,order,5
123,45,click,3
123,272,view,1
123,246,view,1
123,65,order,5
123,44,order,5
123,300,click,3
123,279,view,1
123,170,view,1
123,100,view,1
123,43,click,3
123,220,view,1
123,154,view,1
123,233,order,5
124,82,view,1
124,285,view,1
124,240,order,5
124,185,view,1
124,163,view,1
124,255,view,1
124,198,order,5
124,124,view,1
124,294,click,3
124,55,order,5
125,96,view,1
125,189,click,3
125,43,click,3
125,224,order,5
125,78,view,1
125,35,view,1
125,28,order,5
125,227,click,3
125,151,click,3
126,76,view,1
126,109,click,3
126,124,order,5
126,47,order,5
126,219,view,1
126,271,view,1
126,294,order,5
126,248,order,5
126,74,view,1
126,155,view,1
126,276,view,1
126,37,click,3
126,82,view,1
126,186,view,1
126,283,order,5
126,144,view,1
126,178,order,5
126,205,view,1
126,267,view,1
127,179,view,1
127,210,order,5
127,62,click,3
127,112,view,1
127,178,order,5
127,98,order,5
127,278,click,3
127,174,order,5
127,137,order,5
127,135,click,3
127,13,view,1
127,236,view,1
127,255,order,5
127,277,view,1
128,239,order,5
128,2,click,3
128,197,view,1
128,242,view,1
128,63,view,1
128,254,order,5
128,43,order,5
128,37,view,1
128,66,click,3
128,169,click,3
128,276,click,3
128,88,view,1
129,45,view,1
129,156,view,1
129,184,click,3
129,40,order,5
129,98,view,1
129,294,click,3
129,8,click,3
129,244,view,1
129,300,click,3
129,160,view,1
129,193,click,3
129,26,view,1
130,199,click,3
130,44,click,3
130,201,view,1
130,197,view,1
130,268,view,1
130,226,order,5
130,294,view,1
130,219,view,1
130,66,click,3
130,194,view,1
130,190,click,3
130,73,order,5
130,51,view,1
130,78,order,5
131,1,view,1
131,87,order,5
131,143,order,5
131,104,click,3
131,246,view,1
131,199,view,1
131,6,view,1
131,95,view,1
131,150,click,3
131,245,view,1
131,184,order,5
131,10,click,3
132,116,order,5
132,131,view,1
132,236,click,3
132,121,click,3
132,229,view,1
132,266,click,3
132,21,order,5
132,33,view,1
132,228,click,3
132,42,view,1
132,251,view,1
132,118,view,1
132,47,view,1
132,68,view,1
132,192,order,5
132,177,view,1
132,270,click,3
132,199,view,1
132,134,view,1
133,37,view,1
133,65,view,1
133,156,order,5
133,30,order,5
133,186,view,1
133,4,order,5
133,54,view,1
133,231,order,5
133,238,click,3
133,31,click,3
133,183,order,5
134,80,click,3
134,159,view,1
134,85,click,3
134,237,view,1
134,269,order,5
134,64,click,3
134,3,view,1
134,33,click,3
134,240,click,3
134,26,view,1
134,219,view,1
134,124,view,1
134,130,order,5
134,207,view,1
134,108,view,1
134,39,view,1
134,206,view,1
134,257,view,1
134,60,view,1
134,184,view,1
135,290,view,1
135,76,order,5
135,104,click,3
135,55,view,1
135,5,view,1
135,70,view,1
135,31,view,1
135,105,view,1
135,54,view,1
135,114,order,5
135,65,order,5
135,275,view,1
135,40,view,1
135,242,click,3
135,267,view,1
135,186,order,5
136,299,view,1
136,142,view,1
136,9,view,1
136,110,view,1
136,292,view,1
136,20,view,1
136,130,click,3
136,148,click,3
136,209,view,1
136,97,view,1
136,271,order,5
136,160,view,1
136,26,view,1
136,21,view,1
137,244,view,1
137,145,view,1
137,195,view,1
137,274,order,5
137,185,click,3
137,15,order,5
137,46,order,5
137,181,view,1
137,63,view,1
137,262,view,1
137,265,click,3
137,293,order,5
138,92,click,3
138,228,click,3
138,91,order,5
138,53,order,5
138,148,click,3
138,196,click,3
138,263,click,3
138,224,order,5
138,154,click,3
138,294,click,3
138,95,view,1
138,300,order,5
138,119,click,3
138,75,view,1
138,169,click,3
138,143,view,1
138,9,view,1
138,117,click,3
139,117,order,5
139,1,view,1
139,105,click,3
139,217,order,5
139,300,view,1
139,270,order,5
139,246,order,5
139,289,click,3
139,166,order,5
139,150,view,1
140,131,order,5
140,42,click,3
140,174,click,3
140,43,order,5
140,14,view,1
140,62,click,3
140,25,click,3
140,110,view,1
141,98,click,3
141,274,order,5
141,130,click,3
141,208,view,1
141,8,order,5
141,179,order,5
141,294,view,1
141,283,click,3
141,191,order,5
141,99,view,1
142,45,view,1
142,10,click,3
142,198,view,1
142,27,view,1
142,261,click,3
142,238,view,1
142,221,view,1
142,254,order,5
142,41,view,1
142,187,view,1
143,126,order,5
143,242,order,5
143,179,view,1
143,228,view,1
143,132,order,5
143,29,order,5
143,184,view,1
143,270,order,5
143,79,view,1
144,126,view,1
144,115,view,1
144,74,view,1
144,288,view,1
144,270,view,1
144,184,order,5
144,242,order,5
144,131,view,1
144,178,view,1
144,165,view,1
144,158,click,3
144,106,order,5
144,159,view,1
144,79,order,5
144,48,view,1
144,269,click,3
144,176,view,1
144,99,click,3
144,278,click,3
145,179,order,5
145,195,view,1
145,153,click,3
145,145,view,1
145,220,click,3
145,286,order,5
145,12,view,1
145,81,click,3
145,274,view,1
145,208,view,1
145,36,view,1
145,161,click,3
145,206,order,5
145,141,view,1
146,66,order,5
146,124,view,1
146,281,click,3
146,115,click,3
146,78,order,5
146,282,click,3
146,224,view,1
146,111,order,5
146,230,view,1
146,209,click,3
147,291,view,1
147,159,click,3
147,19,click,3
147,297,view,1
147,209,view,1
147,84,view,1
147,88,view,1
147,266,view,1
147,21,click,3
147,63,view,1
147,38,view,1
147,210,click,3
147,101,view,1
147,287,click,3
147,232,click,3
147,90,click,3
147,125,view,1
147,191,view,1
147,279,click,3
147,93,view,1
148,262,click,3
148,83,view,1
148,219,click,3
148,221,click,3
148,230,order,5
148,72,view,1
148,250,view,1
148,198,view,1
148,178,view,1
148,287,order,5
148,116,click,3
148,66,view,1
148,248,view,1
148,273,view,1
148,251,click,3
148,182,order,5
148,272,order,5
149,179,view,1
149,97,order,5
149,39,click,3
149,194,view,1
149,271,view,1
149,231,view,1
149,281,order,5
149,125,order,5
149,224,click,3
149,292,view,1
150,270,view,1
150,269,view,1
150,9,view,1
150,266,view,1
150,79,order,5
150,180,view,1
150,158,view,1
150,288,view,1
150,85,order,5
150,29,view,1
150,131,order,5
150,102,view,1
151,207,order,5
151,86,click,3
151,125,view,1
151,261,click,3
151,51,click,3
151,107,order,5
151,247,view,1
151,222,view,1
151,110,view,1
151,25,order,5
151,223,order,5
152,255,view,1
152,120,view,1
152,107,order,5
152,100,order,5
152,164,click,3
152,187,order,5
152,233,order,5
152,259,order,5
152,181,order,5
152,178,click,3
152,139,order,5
152,59,view,1
152,182,click,3
152,211,order,5
153,15,click,3
153,10,view,1
153,69,order,5
153,127,view,1
153,202,order,5
153,13,view,1
153,117,click,3
153,300,view,1
153,216,view,1
153,280,order,5
153,277,click,3
153,170,order,5
153,104,click,3
153,185,view,1
153,252,view,1
153,196,view,1
153,233,view,1
154,209,click,3
154,41,view,1
154,292,click,3
154,111,view,1
154,148,order,5
154,281,click,3
154,112,order,5
154,39,view,1
154,186,order,5
154,189,order,5
155,232,view,1
155,48,order,5
155,149,view,1
155,252,view,1
155,17,view,1
155,88,view,1
155,92,view,1
155,147,order,5
155,227,view,1
155,19,click,3
155,158,view,1
155,297,view,1
155,228,view,1
155,37,view,1
155,43,click,3
155,188,view,1
155,54,view,1
156,263,view,1
156,276,view,1
156,253,order,5
156,269,view,1
156,182,order,5
156,41,order,5
156,254,view,1
156,83,click,3
156,266,view,1
156,157,order,5
156,141,view,1
156,247,view,1
157,245,order,5
157,101,view,1
157,192,view,1
157,99,view,1
157,170,view,1
157,193,view,1
157,36,click,3
157,75,view,1
157,49,click,3
157,108,view,1
157,62,click,3
157,3,view,1
158,52,view,1
158,287,click,3
158,108,order,5
158,268,view,1
158,120,view,1
158,256,click,3
158,241,view,1
158,100,view,1
158,206,view,1
158,17,view,1
158,102,click,3
158,221,view,1
159,33,order,5
159,243,click,3
159,71,order,5
159,138,click,3
159,45,view,1
159,296,view,1
159,117,order,5
159,242,view,1
159,104,view,1
159,69,order,5
159,250,view,1
159,170,view,1
159,19,order,5
159,147,view,1
159,141,click,3
159,212,view,1
160,169,view,1
160,201,view,1
160,77,click,3
160,254,order,5
160,68,click,3
160,58,click,3
160,76,view,1
160,229,view,1
160,190,view,1
160,261,click,3
160,167,order,5
160,139,view,1
160,2,click,3
160,294,view,1
160,136,order,5
160,210,view,1
160,125,order,5
160,94,click,3
161,246,view,1
161,138,view,1
161,145,order,5
161,45,view,1
161,87,view,1
161,172,order,5
161,220,view,1
161,33,order,5
161,279,order,5
161,78,view,1
162,46,click,3
162,118,view,1
162,243,click,3
162,201,order,5
162,25,view,1
162,127,view,1
162,215,view,1
162,114,view,1
162,50,order,5
162,177,view,1
162,108,click,3
162,128,view,1
162,249,view,1
162,254,view,1
162,74,order,5
162,71,order,5
162,42,view,1
163,9,click,3
163,271,view,1
163,65,view,1
163,292,order,5
163,224,view,1
163,53,view,1
163,39,order,5
163,96,view,1
163,81,view,1
163,3,view,1
163,294,click,3
163,97,order,5
163,186,view,1
164,123,view,1
164,132,view,1
164,84,view,1
164,195,order,5
164,101,view,1
164,165,click,3
164,79,view,1
164,95,view,1
164,170,view,1
164,29,view,1
164,48,view,1
165,277,view,1
165,70,click,3
165,128,order,5
165,261,click,3
165,173,order,5
165,212,view,1
165,25,view,1
165,67,click,3
165,106,click,3
165,50,view,1
165,159,view,1
165,201,click,3
165,59,order,5
165,160,click,3
165,237,order,5
166,280,click,3
166,172,click,3
166,250,order,5
166,147,view,1
166,278,click,3
166,69,click,3
166,45,click,3
166,127,view,1
166,155,order,5
166,170,view,1
166,199,view,1
166,247,click,3
166,217,view,1
166,165,view,1
166,171,order,5
166,300,click,3
166,150,order,5
166,108,view,1
167,234,view,1
167,259,click,3
167,81,click,3
167,5,view,1
167,264,order,5
167,211,click,3
167,29,order,5
167,12,order,5
167,204,order,5
167,194,view,1
167,269,order,5
167,205,order,5
167,200,order,5
167,179,order,5
167,181,order,5
167,293,click,3
167,15,view,1
167,165,view,1
168,252,order,5
168,273,view,1
168,98,click,3
168,194,view,1
168,54,view,1
168,165,click,3
168,161,order,5
168,63,view,1
168,112,click,3
168,224,view,1
168,254,click,3
168,199,view,1
169,224,click,3
169,209,view,1
169,66,click,3
169,127,view,1
169,99,view,1
169,216,click,3
169,65,order,5
169,206,view,1
169,292,view,1
169,9,view,1
169,78,view,1
170,256,click,3
170,149,click,3
170,104,view,1
170,95,view,1
170,48,click,3
170,279,view,1
170,114,click,3
170,35,view,1
170,205,order,5
170,291,view,1
170,65,click,3
170,151,view,1
170,297,order,5
170,227,view,1
171,50,order,5
171,193,view,1
171,26,click,3
171,98,click,3
171,283,click,3
171,49,order,5
171,184,order,5
171,8,order,5
171,70,view,1
171,24,order,5
171,237,order,5
171,125,view,1
172,54,view,1
172,173,view,1
172,165,view,1
172,298,view,1
172,7,view,1
172,205,click,3
172,207,order,5
172,209,click,3
172,194,order,5
172,158,view,1
172,26,view,1
172,284,view,1
172,73,click,3
172,91,order,5
173,267,view,1
173,84,order,5
173,249,view,1
173,146,view,1
173,37,order,5
173,232,view,1
173,48,view,1
173,221,order,5
173,135,view,1
173,297,click,3
173,149,view,1
174,162,order,5
174,165,order,5
174,26,view,1
174,3,view,1
174,269,view,1
174,255,order,5
174,237,view,1
174,296,view,1
174,220,view,1
174,186,view,1
174,197,view,1
174,193,order,5
174,76,order,5
174,257,view,1
174,184,order,5
174,264,order,5
174,99,order,5
174,91,view,1
175,177,view,1
175,234,view,1
175,120,view,1
175,135,view,1
175,86,click,3
175,42,order,5
175,107,order,5
175,128,view,1
175,51,view,1
175,16,click,3
175,105,view,1
175,213,order,5
175,83,order,5
175,71,view,1
175,62,view,1
176,121,click,3
176,111,view,1
176,188,order,5
176,299,view,1
176,119,view,1
176,39,view,1
176,181,order,5
176,154,view,1
176,109,click,3
176,292,order,5
176,210,view,1
176,96,order,5
176,97,click,3
177,113,click,3
177,21,click,3
177,131,click,3
177,86,view,1
177,228,view,1
177,79,order,5
177,105,view,1
177,116,order,5
177,158,view,1
178,43,view,1
178,101,click,3
178,54,view,1
178,149,order,5
178,266,view,1
178,125,click,3
178,166,click,3
178,194,click,3
178,297,view,1
178,163,click,3
178,48,order,5
178,6,order,5
178,40,view,1
178,38,view,1
178,146,order,5
179,130,click,3
179,195,view,1
179,108,order,5
179,137,view,1
179,184,click,3
179,220,click,3
179,94,order,5
179,98,order,5
179,203,view,1
179,239,order,5
179,240,view,1
179,65,click,3
179,129,view,1
179,80,view,1
179,167,order,5
179,224,order,5
180,183,view,1
180,150,click,3
180,138,order,5
180,59,view,1
180,4,view,1
180,257,click,3
180,104,view,1
180,170,view,1
180,45,click,3
180,10,click,3
180,284,order,5
180,84,click,3
180,27,view,1
181,92,view,1
181,116,click,3
181,149,view,1
181,151,click,3
181,35,view,1
181,37,view,1
181,95,click,3
181,232,order,5
181,179,view,1
181,62,click,3
181,294,click,3
181,28,click,3
181,101,view,1
181,84,click,3
181,136,view,1
181,212,view,1
181,166,view,1
182,205,order,5
182,164,click,3
182,290,click,3
182,51,click,3
182,68,view,1
182,195,view,1
182,114,order,5
182,94,view,1
182,188,order,5
182,226,order,5
182,139,view,1
182,16,view,1
183,27,view,1
183,159,view,1
183,17,view,1
183,116,click,3
183,229,view,1
183,75,view,1
183,220,click,3
183,158,click,3
183,270,view,1
183,134,click,3
183,113,view,1
183,266,click,3
183,132,click,3
183,109,view,1
183,79,order,5
183,243,order,5
183,254,order,5
184,51,view,1
184,16,click,3
184,160,click,3
184,262,click,3
184,249,order,5
184,42,view,1
184,197,order,5
184,91,order,5
184,212,view,1
184,270,order,5
184,177,view,1
184,89,click,3
184,74,view,1
184,33,view,1
184,282,view,1
184,261,view,1
184,207,order,5
184,278,order,5
184,106,view,1
184,192,view,1
185,63,view,1
185,295,view,1
185,229,view,1
185,136,view,1
185,164,view,1
185,44,order,5
185,239,view,1
185,122,click,3
185,188,view,1
185,76,view,1
185,10,click,3
185,215,click,3
185,169,view,1
185,219,view,1
185,152,view,1
185,142,order,5
185,271,click,3
186,38,order,5
186,13,order,5
186,217,view,1
186,170,click,3
186,228,view,1
186,220,view,1
186,151,view,1
186,92,click,3
186,37,order,5
186,166,click,3
186,291,click,3
187,276,view,1
187,65,click,3
187,144,view,1
187,205,view,1
187,7,click,3
187,114,order,5
187,82,view,1
187,25,view,1
187,55,view,1
187,222,order,5
187,121,click,3
187,15,order,5
188,188,click,3
188,233,click,3
188,138,view,1
188,272,click,3
188,55,order,5
188,170,view,1
188,300,order,5
188,109,view,1
188,8,order,5
188,117,click,3
188,221,order,5
188,280,view,1
188,150,click,3
188,246,view,1
189,245,view,1
189,155,view,1
189,225,click,3
189,144,click,3
189,285,view,1
189,213,order,5
189,210,view,1
189,31,view,1
189,121,order,5
189,27,view,1
189,242,click,3
189,15,view,1
189,164,view,1
189,275,view,1
189,54,order,5
190,176,view,1
190,76,order,5
190,165,view,1
190,140,click,3
190,74,view,1
190,28,click,3
190,54,order,5
190,161,click,3
190,82,order,5
190,242,view,1
190,55,click,3
190,27,order,5
190,250,click,3
190,267,click,3
190,276,view,1
190,275,order,5
190,273,view,1
190,288,view,1
190,124,view,1
190,203,view,1
191,42,order,5
191,184,view,1
191,206,click,3
191,181,order,5
191,22,view,1
191,167,order,5
191,63,view,1
191,94,view,1
191,66,view,1
191,209,order,5
192,95,order,5
192,35,click,3
192,298,click,3
192,125,view,1
192,227,view,1
192,73,view,1
192,38,click,3
192,178,order,5
192,291,click,3
193,54,view,1
193,153,view,1
193,292,order,5
193,121,view,1
193,88,view,1
193,219,click,3
193,24,order,5
193,144,view,1
193,73,click,3
193,74,view,1
193,170,view,1
193,282,view,1
193,55,order,5
193,252,view,1
193,47,order,5
193,164,view,1
193,290,click,3
193,2,click,3
193,298,view,1
194,260,view,1
194,266,view,1
194,228,click,3
194,79,view,1
194,34,view,1
194,229,order,5
194,182,order,5
194,9,order,5
194,270,click,3
194,134,view,1
194,21,view,1
195,13,view,1
195,23,order,5
195,62,view,1
195,113,click,3
195,174,view,1
195,207,view,1
195,215,click,3
195,216,order,5
195,106,click,3
195,212,view,1
196,271,click,3
196,73,view,1
196,32,view,1
196,267,view,1
196,119,click,3
196,100,view,1
196,6,view,1
196,89,order,5
196,14,click,3
196,216,order,5
196,29,view,1
196,224,click,3
196,9,click,3
196,299,view,1
196,292,view,1
196,281,view,1
196,96,click,3
197,139,view,1
197,188,click,3
197,197,click,3
197,63,order,5
197,66,order,5
197,239,click,3
197,179,order,5
197,94,order,5
197,136,view,1
197,234,view,1
198,22,view,1
198,101,view,1
198,167,view,1
198,197,order,5
198,88,view,1
198,199,order,5
198,53,view,1
198,237,view,1
198,294,click,3
198,221,view,1
198,207,view,1
198,13,order,5
198,165,order,5
198,217,order,5
198,177,view,1
198,103,view,1
198,44,view,1
198,85,order,5
198,190,order,5
199,300,view,1
199,161,order,5
199,182,order,5
199,265,click,3
199,208,view,1
199,282,order,5
199,200,view,1
199,288,view,1
199,54,view,1
199,141,view,1
199,164,view,1
199,264,view,1
199,101,view,1
199,179,order,5
199,78,order,5
199,81,order,5
200,74,click,3
200,132,view,1
200,240,view,1
200,208,view,1
200,192,view,1
200,244,view,1
200,242,click,3
200,181,click,3
200,130,view,1
200,232,click,3
200,67,order,5
200,175,view,1
200,274,view,1
200,80,click,3
200,52,click,3
200,266,view,1
201,297,view,1
201,86,view,1
201,106,click,3
201,174,view,1
201,206,click,3
201,43,order,5
201,20,view,1
201,2,view,1
201,107,view,1
202,75,click,3
202,267,click,3
202,289,click,3
202,245,click,3
202,79,click,3
202,124,click,3
202,255,view,1
202,185,order,5
202,295,view,1
202,266,view,1
203,29,view,1
203,103,order,5
203,184,view,1
203,49,view,1
203,6,view,1
203,3,view,1
203,63,click,3
203,85,click,3
204,104,view,1
204,72,order,5
204,95,click,3
204,48,order,5
204,52,click,3
204,38,view,1
204,19,order,5
204,175,order,5
204,28,view,1
204,149,view,1
204,296,view,1
204,115,order,5
204,73,order,5
204,179,click,3
204,87,order,5
205,237,click,3
205,257,click,3
205,204,view,1
205,99,view,1
205,193,view,1
205,35,view,1
205,26,view,1
205,49,order,5
205,184,view,1
205,144,view,1
205,269,view,1
206,142,order,5
206,96,view,1
206,243,view,1
206,193,view,1
206,280,order,5
206,55,view,1
206,209,order,5
206,165,order,5
206,199,view,1
206,264,view,1
206,271,view,1
206,1,view,1
206,292,click,3
207,281,click,3
207,184,order,5
207,193,click,3
207,192,view,1
207,49,view,1
207,269,view,1
207,293,order,5
207,40,order,5
207,83,order,5
208,100,view,1
208,46,order,5
208,182,view,1
208,116,click,3
208,299,view,1
208,188,view,1
208,9,view,1
208,11,view,1
208,185,view,1
208,295,click,3
208,242,view,1
208,113,click,3
209,76,click,3
209,58,view,1
209,166,view,1
209,18,view,1
209,220,order,5
209,262,order,5
209,68,view,1
209,160,view,1
209,233,order,5
209,60,view,1
209,123,view,1
209,287,view,1
209,81,view,1
209,52,order,5
209,118,view,1
209,74,view,1
209,168,click,3
210,124,view,1
210,271,view,1
210,246,click,3
210,178,order,5
210,84,click,3
210,152,order,5
210,209,order,5
210,9,view,1
210,273,view,1
210,292,view,1
210,140,view,1
210,164,view,1
210,7,order,5
210,26,view,1
210,39,order,5
210,148,view,1
210,96,click,3
210,119,view,1
211,12,view,1
211,64,click,3
211,192,click,3
211,81,view,1
211,289,view,1
211,265,view,1
211,129,order,5
211,223,click,3
211,145,click,3
211,264,view,1
211,200,view,1
211,189,order,5
211,116,order,5
211,208,click,3
211,56,order,5
212,292,view,1
212,96,click,3
212,261,view,1
212,271,click,3
212,112,order,5
212,266,view,1
212,9,view,1
212,255,order,5
212,154,click,3
212,270,click,3
212,37,click,3
212,281,view,1
212,226,order,5
212,126,click,3
212,111,view,1
213,106,click,3
213,97,order,5
213,216,order,5
213,107,view,1
213,5,click,3
213,137,view,1
213,111,view,1
213,9,order,5
213,152,view,1
213,165,order,5
213,74,view,1
214,16,view,1
214,59,order,5
214,247,order,5
214,86,view,1
214,112,view,1
214,37,view,1
214,160,view,1
214,264,view,1
214,128,view,1
214,233,order,5
214,161,view,1
214,96,click,3
214,278,order,5
214,298,click,3
215,187,order,5
215,279,order,5
215,79,view,1
215,74,view,1
215,230,view,1
215,297,click,3
215,100,view,1
215,24,order,5
215,214,click,3
215,241,order,5
215,182,click,3
215,97,order,5
215,178,order,5
215,86,view,1
215,23,click,3
215,251,order,5
215,258,order,5
216,212,view,1
216,43,view,1
216,106,order,5
216,87,click,3
216,232,view,1
216,278,order,5
216,135,click,3
216,177,order,5
216,220,click,3
216,16,order,5
216,110,click,3
216,207,click,3
216,215,order,5
216,141,view,1
216,128,view,1
216,105,view,1
216,262,view,1
217,211,view,1
217,144,order,5
217,54,order,5
217,20,view,1
217,163,order,5
217,50,click,3
217,282,order,5
217,76,click,3
217,219,view,1
217,124,view,1
217,185,click,3
217,70,view,1
217,155,order,5
217,290,view,1
217,252,view,1
218,198,order,5
218,171,view,1
218,300,view,1
218,187,order,5
218,100,view,1
218,230,view,1
218,258,view,1
218,273,click,3
218,13,view,1
218,251,order,5
218,150,click,3
218,22,view,1
218,86,click,3
218,184,order,5
218,8,order,5
219,18,view,1
219,287,click,3
219,128,view,1
219,94,order,5
219,72,click,3
219,81,view,1
219,168,order,5
219,83,view,1
219,182,view,1
219,43,view,1
219,221,click,3
219,33,view,1
219,100,order,5
219,103,view,1
219,38,view,1
219,178,click,3
219,163,order,5
220,253,click,3
220,52,order,5
220,72,order,5
220,156,order,5
220,262,view,1
220,258,view,1
220,89,view,1
220,49,click,3
220,287,click,3
220,182,order,5
220,251,view,1
220,289,click,3
220,157,view,1
220,102,view,1
220,85,order,5
220,41,order,5
221,131,view,1
221,115,click,3
221,116,view,1
221,276,view,1
221,11,view,1
221,242,view,1
221,156,click,3
221,129,order,5
221,289,view,1
221,262,view,1
221,204,view,1
221,292,click,3
221,295,view,1
221,258,view,1
221,296,click,3
221,17,view,1
221,266,click,3
222,57,order,5
222,114,order,5
222,242,order,5
222,295,click,3
222,156,order,5
222,115,view,1
222,122,order,5
222,39,order,5
222,33,view,1
222,266,click,3
222,151,view,1
222,270,click,3
222,229,order,5
222,2,view,1
222,158,click,3
222,182,view,1
222,29,click,3
223,6,order,5
223,232,click,3
223,101,order,5
223,111,order,5
223,48,view,1
223,151,view,1
223,291,click,3
223,37,order,5
224,24,view,1
224,264,order,5
224,257,click,3
224,29,view,1
224,181,order,5
224,202,click,3
224,265,order,5
224,40,view,1
224,81,view,1
224,46,view,1
224,294,order,5
224,214,view,1
224,201,view,1
224,268,click,3
224,134,view,1
224,233,click,3
224,9,click,3
224,37,view,1
224,107,order,5
224,171,view,1
225,94,click,3
225,254,click,3
225,294,order,5
225,201,click,3
225,81,view,1
225,30,click,3
225,35,view,1
225,44,order,5
225,199,click,3
225,66,order,5
225,297,order,5
225,209,view,1
226,169,click,3
226,194,order,5
226,66,click,3
226,229,click,3
226,180,click,3
226,268,click,3
226,77,order,5
226,82,view,1
226,41,click,3
226,226,view,1
226,188,view,1
226,40,click,3
226,103,click,3
226,167,order,5
227,33,order,5
227,35,view,1
227,151,order,5
227,144,view,1
227,95,view,1
227,186,order,5
227,149,view,1
227,63,order,5
227,75,view,1
227,291,view,1
227,227,click,3
227,145,view,1
227,129,order,5
227,76,click,3
227,38,order,5
227,103,view,1
228,9,order,5
228,6,view,1
228,44,click,3
228,188,click,3
228,111,click,3
228,170,view,1
228,95,view,1
228,197,view,1
228,94,view,1
228,66,click,3
228,215,view,1
228,294,click,3
228,192,order,5
228,22,click,3
229,140,click,3
229,205,view,1
229,165,order,5
229,73,click,3
229,164,view,1
229,134,click,3
229,55,view,1
229,4,view,1
229,186,view,1
229,214,view,1
229,82,view,1
229,298,view,1
229,60,click,3
229,184,view,1
229,234,click,3
230,43,view,1
230,278,click,3
230,88,order,5
230,89,view,1
230,78,view,1
230,279,order,5
230,116,click,3
230,177,click,3
230,261,click,3
230,249,view,1
230,236,view,1
230,135,order,5
230,234,click,3
230,212,order,5
230,293,order,5
230,128,view,1
230,1,order,5
230,297,view,1
230,107,order,5
230,266,click,3
231,206,click,3
231,129,click,3
231,158,view,1
231,131,order,5
231,265,view,1
231,103,view,1
231,21,view,1
231,184,click,3
232,206,click,3
232,32,view,1
232,9,order,5
232,148,order,5
232,159,order,5
232,111,view,1
232,154,view,1
232,189,order,5
232,297,view,1
232,281,click,3
232,119,click,3
232,181,order,5
232,263,order,5
232,45,click,3
232,87,click,3
233,224,click,3
233,207,view,1
233,55,view,1
233,148,order,5
233,171,click,3
233,154,view,1
233,228,view,1
233,181,view,1
233,78,order,5
234,78,order,5
234,152,view,1
234,206,click,3
234,263,order,5
234,157,view,1
234,24,view,1
234,106,view,1
234,159,click,3
234,211,view,1
234,96,click,3
234,221,click,3
234,216,view,1
234,220,click,3
234,171,order,5
234,97,order,5
235,24,order,5
235,141,view,1
235,208,view,1
235,194,click,3
235,274,order,5
235,229,view,1
235,202,view,1
235,195,view,1
235,297,view,1
235,178,click,3
235,1,view,1
235,220,order,5
235,181,view,1
236,35,view,1
236,95,view,1
236,151,view,1
236,245,view,1
236,275,click,3
236,46,order,5
236,102,view,1
236,48,view,1
236,37,click,3
236,101,click,3
236,92,order,5
236,6,view,1
237,239,order,5
237,37,click,3
237,197,view,1
237,254,view,1
237,251,click,3
237,63,click,3
237,182,order,5
237,287,click,3
237,233,view,1
237,268,view,1
237,48,click,3
237,227,click,3
237,226,view,1
237,44,order,5
237,88,click,3
237,277,order,5
237,22,click,3
237,174,view,1
238,269,order,5
238,276,view,1
238,229,click,3
238,47,order,5
238,140,view,1
238,285,view,1
238,91,click,3
238,82,view,1
238,59,click,3
238,27,view,1
238,114,click,3
238,165,order,5
238,164,order,5
238,144,click,3
238,262,order,5
239,101,click,3
239,151,view,1
239,92,click,3
239,48,order,5
239,123,view,1
239,35,view,1
239,145,view,1
239,71,view,1
239,37,view,1
239,116,view,1
239,149,view,1
239,199,order,5
239,89,view,1
239,41,view,1
239,8,view,1
239,129,order,5
239,291,order,5
239,166,view,1
239,75,order,5
240,2,order,5
240,174,click,3
240,265,view,1
240,285,click,3
240,110,view,1
240,43,view,1
240,212,view,1
240,128,order,5
240,106,click,3
240,98,view,1
240,51,click,3
240,112,view,1
241,159,view,1
241,43,click,3
241,134,order,5
241,57,view,1
241,266,view,1
241,46,click,3
241,274,order,5
241,11,view,1
242,3,view,1
242,255,click,3
242,8,view,1
242,181,click,3
242,294,order,5
242,85,click,3
242,245,click,3
242,26,view,1
242,60,view,1
242,192,click,3
242,257,click,3
242,99,click,3
243,92,view,1
243,37,order,5
243,20,view,1
243,101,click,3
243,35,click,3
243,151,view,1
243,149,order,5
243,261,view,1
243,239,click,3
244,111,order,5
244,206,order,5
244,297,order,5
244,281,view,1
244,134,view,1
244,271,view,1
244,210,view,1
244,64,view,1
244,133,click,3
244,119,order,5
244,27,view,1
245,194,click,3
245,60,click,3
245,237,click,3
245,26,view,1
245,184,click,3
245,107,view,1
245,49,view,1
245,99,click,3
245,273,view,1
245,204,view,1
245,8,view,1
245,283,view,1
245,193,view,1
245,127,click,3
245,85,order,5
245,299,click,3
245,98,view,1
246,198,view,1
246,178,view,1
246,262,view,1
246,100,view,1
246,225,view,1
246,233,order,5
246,222,click,3
246,77,click,3
246,294,view,1
246,102,order,5
246,271,view,1
247,49,view,1
247,220,order,5
247,105,view,1
247,195,view,1
247,153,click,3
247,208,order,5
247,144,view,1
247,202,view,1
247,161,order,5
247,44,view,1
247,143,view,1
247,274,view,1
247,68,order,5
247,118,order,5
247,159,view,1
247,76,order,5
248,63,order,5
248,194,order,5
248,74,view,1
248,294,view,1
248,188,view,1
248,226,view,1
248,123,view,1
248,190,view,1
249,9,view,1
249,281,click,3
249,97,click,3
249,136,click,3
249,78,order,5
249,216,view,1
249,27,view,1
249,201,view,1
249,223,order,5
249,22,view,1
249,111,view,1
249,156,view,1
250,297,click,3
250,191,order,5
250,246,order,5
250,28,view,1
250,165,view,1
250,180,view,1
250,103,view,1
250,92,click,3
250,35,view,1
250,1,order,5
250,95,view,1
251,122,view,1
251,252,view,1
251,197,order,5
251,88,view,1
251,268,view,1
251,23,view,1
251,194,view,1
251,294,click,3
251,33,view,1
251,188,order,5
251,102,order,5
252,201,view,1
252,271,click,3
252,296,order,5
252,245,order,5
252,199,view,1
252,177,order,5
252,133,order,5
252,169,view,1
252,181,order,5
252,226,view,1
252,239,click,3
253,81,view,1
253,117,click,3
253,179,click,3
253,274,view,1
253,234,click,3
253,169,click,3
253,46,click,3
253,67,order,5
254,262,click,3
254,199,order,5
254,99,click,3
254,253,order,5
254,149,order,5
254,255,click,3
254,41,view,1
254,129,view,1
254,183,click,3
254,50,click,3
254,178,view,1
254,31,order,5
254,157,view,1
254,256,click,3
254,48,view,1
254,18,click,3
255,76,click,3
255,271,view,1
255,55,view,1
255,70,click,3
255,187,view,1
255,10,view,1
255,31,view,1
255,163,click,3
255,267,order,5
255,275,order,5
256,26,click,3
256,98,order,5
256,171,view,1
256,255,order,5
256,75,order,5
256,269,view,1
256,245,view,1
256,100,click,3
256,130,view,1
257,197,view,1
257,296,order,5
257,172,order,5
257,88,order,5
257,58,view,1
257,63,order,5
257,66,click,3
257,103,view,1
257,15,view,1
257,170,view,1
257,262,click,3
257,169,order,5
257,178,view,1
257,190,view,1
257,294,click,3
257,78,view,1
257,219,click,3
258,211,click,3
258,198,view,1
258,209,order,5
258,183,view,1
258,190,view,1
258,143,view,1
258,55,click,3
258,96,view,1
258,78,click,3
258,270,order,5
259,37,click,3
259,297,click,3
259,124,view,1
259,125,click,3
259,6,click,3
259,106,view,1
259,108,view,1
259,103,view,1
259,232,click,3
259,166,click,3
259,263,view,1
260,239,view,1
260,286,order,5
260,15,order,5
260,207,view,1
260,278,view,1
260,261,view,1
260,180,order,5
260,160,view,1
260,234,view,1
260,21,order,5
261,150,order,5
261,172,view,1
261,196,click,3
261,300,view,1
261,217,click,3
261,147,view,1
261,69,order,5
261,176,view,1
261,170,click,3
261,56,click,3
261,288,view,1
261,186,order,5
262,30,click,3
262,270,view,1
262,25,order,5
262,234,click,3
262,160,order,5
262,135,view,1
262,67,view,1
262,187,view,1
263,140,click,3
263,45,click,3
263,277,view,1
263,254,view,1
263,231,order,5
263,33,view,1
263,54,view,1
263,276,view,1
263,271,view,1
264,78,order,5
264,207,order,5
264,292,order,5
264,215,view,1
264,258,view,1
264,276,view,1
264,154,view,1
264,189,view,1
264,277,view,1
264,148,order,5
264,151,click,3
265,244,view,1
265,3,order,5
265,129,view,1
265,40,view,1
265,245,view,1
265,87,order,5
265,185,view,1
265,175,view,1
265,268,view,1
265,24,order,5
265,156,click,3
265,255,view,1
265,162,order,5
265,283,view,1
265,85,view,1
266,192,click,3
266,7,view,1
266,194,order,5
266,151,view,1
266,88,order,5
266,22,view,1
266,68,view,1
266,226,order,5
266,169,click,3
266,199,view,1
266,268,view,1
266,265,order,5
266,251,view,1
266,51,click,3
266,201,view,1
266,63,view,1
267,288,click,3
267,29,view,1
267,189,view,1
267,159,click,3
267,126,view,1
267,264,order,5
267,11,view,1
267,270,view,1
267,55,view,1
267,201,view,1
267,165,view,1
267,294,order,5
267,190,view,1
268,265,order,5
268,30,click,3
268,172,click,3
268,220,view,1
268,239,order,5
268,67,click,3
268,286,view,1
268,161,view,1
268,170,view,1
268,128,order,5
268,158,order,5
268,264,click,3
268,179,order,5
268,270,click,3
268,210,view,1
268,200,view,1
268,81,view,1
269,6,view,1
269,90,view,1
269,27,click,3
269,95,view,1
269,291,view,1
269,232,view,1
269,151,view,1
269,103,view,1
269,184,order,5
269,297,click,3
269,114,order,5
269,48,view,1
270,286,view,1
270,236,view,1
270,55,click,3
270,219,order,5
270,129,view,1
270,145,view,1
270,64,click,3
270,56,order,5
271,70,view,1
271,155,view,1
271,231,click,3
271,275,order,5
271,124,view,1
271,31,click,3
271,267,view,1
271,222,click,3
271,208,order,5
272,11,order,5
272,159,view,1
272,14,view,1
272,79,click,3
272,260,click,3
272,54,view,1
272,229,click,3
272,296,click,3
272,193,click,3
273,67,view,1
273,261,view,1
273,210,view,1
273,196,view,1
273,264,view,1
273,149,click,3
273,103,order,5
273,258,view,1
273,66,view,1
273,48,view,1
273,92,click,3
273,190,view,1
273,41,order,5
273,151,view,1
273,99,click,3
273,37,order,5
273,292,click,3
273,6,click,3
273,182,click,3
274,155,click,3
274,297,view,1
274,27,order,5
274,232,order,5
274,46,order,5
274,92,click,3
274,182,view,1
274,151,click,3
274,35,click,3
274,2,view,1
274,267,click,3
274,80,order,5
274,195,view,1
274,208,click,3
275,141,click,3
275,208,view,1
275,161,view,1
275,12,order,5
275,274,view,1
275,9,view,1
275,179,view,1
275,67,order,5
276,22,click,3
276,8,view,1
276,239,view,1
276,199,view,1
276,44,view,1
276,26,click,3
276,217,click,3
276,194,click,3
276,156,view,1
276,193,click,3
276,46,click,3
276,254,view,1
276,94,view,1
276,66,view,1
276,16,click,3
276,172,view,1
276,1,order,5
276,197,click,3
277,116,click,3
277,132,view,1
277,172,view,1
277,288,view,1
277,296,order,5
277,257,click,3
277,229,order,5
277,52,order,5
277,211,view,1
277,266,click,3
277,21,click,3
278,271,view,1
278,138,view,1
278,78,order,5
278,216,view,1
278,292,view,1
278,230,view,1
278,111,click,3
278,273,view,1
279,270,order,5
279,158,click,3
279,289,click,3
279,265,click,3
279,101,view,1
279,229,order,5
279,172,click,3
279,124,click,3
279,255,click,3
279,5,view,1
279,63,click,3
279,29,view,1
279,296,view,1
279,57,view,1
279,260,order,5
279,264,order,5
279,160,order,5
279,11,click,3
280,45,order,5
280,151,order,5
280,103,order,5
280,93,order,5
280,166,view,1
280,149,view,1
280,48,order,5
280,227,order,5
280,59,view,1
280,95,view,1
280,275,click,3
281,227,click,3
281,38,view,1
281,37,view,1
281,92,view,1
281,145,click,3
281,232,order,5
281,161,click,3
281,144,view,1
281,297,view,1
281,48,click,3
281,127,order,5
281,189,order,5
281,93,view,1
281,210,order,5
281,257,order,5
281,146,click,3
281,5,order,5
282,276,order,5
282,212,order,5
282,152,click,3
282,138,click,3
282,273,click,3
282,111,view,1
282,153,order,5
282,145,order,5
283,172,view,1
283,292,view,1
283,206,view,1
283,193,view,1
283,263,view,1
283,189,order,5
283,78,order,5
283,216,click,3
283,171,view,1
283,119,click,3
283,279,order,5
283,68,order,5
283,198,click,3
283,73,view,1
283,60,view,1
283,80,order,5
283,192,order,5
283,70,click,3
284,196,view,1
284,185,view,1
284,233,view,1
284,172,view,1
284,104,view,1
284,138,view,1
284,226,order,5
284,250,view,1
284,1,view,1
284,295,view,1
285,149,view,1
285,67,click,3
285,36,view,1
285,187,click,3
285,261,view,1
285,172,view,1
285,166,view,1
285,114,order,5
285,88,view,1
285,279,order,5
286,16,view,1
286,128,view,1
286,25,order,5
286,15,order,5
286,51,order,5
286,112,view,1
286,177,view,1
286,59,click,3
286,107,order,5
286,225,order,5
286,125,view,1
286,160,order,5
286,42,view,1
286,234,view,1
286,207,view,1
286,210,click,3
286,193,view,1
286,111,click,3
286,247,view,1
286,135,view,1
287,133,view,1
287,229,click,3
287,132,order,5
287,94,click,3
287,136,order,5
287,66,click,3
287,171,click,3
287,26,view,1
287,14,click,3
287,139,view,1
287,197,view,1
287,254,click,3
287,88,order,5
287,169,click,3
287,266,view,1
287,49,order,5
287,84,click,3
288,38,view,1
288,35,view,1
288,95,view,1
288,116,view,1
288,297,order,5
288,51,view,1
288,37,order,5
288,65,click,3
288,151,click,3
288,149,view,1
288,227,view,1
288,220,view,1
288,103,click,3
288,92,click,3
288,48,order,5
288,113,view,1
289,91,order,5
289,288,view,1
289,165,click,3
289,193,view,1
289,124,order,5
289,183,order,5
289,73,click,3
289,65,view,1
289,176,view,1
289,252,click,3
289,261,click,3
289,30,order,5
289,114,view,1
289,54,view,1
289,284,click,3
290,51,view,1
290,276,view,1
290,284,view,1
290,128,click,3
290,261,view,1
290,62,click,3
290,177,view,1
290,236,order,5
290,226,order,5
290,107,view,1
290,86,view,1
290,2,click,3
290,106,order,5
290,207,click,3
290,138,click,3
291,5,order,5
291,140,view,1
291,114,order,5
291,82,view,1
291,76,click,3
291,54,view,1
291,183,view,1
291,248,click,3
291,252,order,5
291,70,order,5
291,73,order,5
291,186,order,5
291,123,view,1
291,176,order,5
291,214,click,3
291,288,view,1
292,17,click,3
292,229,order,5
292,165,click,3
292,70,order,5
292,158,view,1
292,7,order,5
292,124,view,1
292,183,click,3
292,222,view,1
292,164,view,1
292,287,view,1
292,205,view,1
292,55,order,5
292,284,view,1
292,56,order,5
292,144,order,5
292,259,view,1
293,201,click,3
293,232,order,5
293,111,view,1
293,109,order,5
293,108,order,5
293,92,click,3
293,296,order,5
293,28,view,1
293,210,click,3
293,266,view,1
293,18,click,3
293,179,view,1
293,103,click,3
293,6,click,3
293,212,view,1
293,164,click,3
293,190,view,1
293,143,order,5
293,166,click,3
293,134,order,5
294,42,order,5
294,212,click,3
294,2,order,5
294,43,click,3
294,139,view,1
294,18,view,1
294,10,click,3
294,154,order,5
294,283,view,1
294,26,view,1
295,283,order,5
295,182,order,5
295,162,view,1
295,137,view,1
295,289,view,1
295,99,click,3
295,124,click,3
295,199,view,1
295,245,order,5
295,3,view,1
295,104,order,5
295,75,click,3
295,44,click,3
295,193,view,1
295,216,click,3
295,96,click,3
296,286,view,1
296,12,view,1
296,160,view,1
296,205,view,1
296,138,order,5
296,98,order,5
296,24,view,1
296,191,view,1
296,224,click,3
296,264,order,5
296,64,click,3
296,46,click,3
296,69,view,1
296,197,click,3
296,200,click,3
296,293,view,1
296,161,view,1
296,179,click,3
296,73,view,1
296,195,view,1
297,188,click,3
297,276,view,1
297,213,order,5
297,194,click,3
297,190,click,3
297,169,view,1
297,142,view,1
297,88,order,5
297,182,order,5
297,48,order,5
297,13,order,5
297,116,click,3
297,239,click,3
297,232,order,5
297,254,view,1
297,253,view,1
297,195,order,5
297,278,view,1
297,136,view,1
298,100,click,3
298,285,view,1
298,83,order,5
298,72,click,3
298,262,view,1
298,58,order,5
298,253,view,1
298,93,view,1
298,273,view,1
298,2,order,5
298,105,order,5
298,182,order,5
298,259,view,1
298,258,click,3
298,230,click,3
298,144,order,5
298,15,click,3
298,18,view,1
299,248,click,3
299,285,order,5
299,6,order,5
299,227,view,1
299,90,order,5
299,30,view,1
299,101,click,3
299,166,view,1
299,22,order,5
299,281,order,5
299,250,order,5
299,291,click,3
299,58,click,3
299,234,view,1
299,149,click,3
299,232,order,5
299,1,order,5
300,177,view,1
300,59,view,1
300,280,order,5
300,229,order,5
300,51,view,1
300,96,order,5
300,54,view,1
300,25,click,3
300,82,order,5
300,15,view,1
300,234,view,1
301,269,click,3
301,12,click,3
301,179,order,5
301,181,view,1
301,81,click,3
301,254,view,1
301,286,view,1
301,136,click,3
301,264,view,1
301,74,order,5
301,69,order,5
302,121,view,1
302,276,order,5
302,76,view,1
302,288,click,3
302,178,view,1
302,235,order,5
302,91,view,1
302,160,view,1
303,115,view,1
303,289,view,1
303,15,view,1
303,74,view,1
303,54,click,3
303,40,view,1
303,260,click,3
303,21,click,3
303,63,order,5
303,270,click,3
303,3,view,1
303,180,order,5
303,135,click,3
303,238,view,1
303,255,view,1
304,227,view,1
304,103,click,3
304,195,order,5
304,109,view,1
304,254,view,1
304,38,view,1
304,186,view,1
304,282,order,5
304,232,view,1
304,221,click,3
304,35,view,1
304,155,click,3
304,270,order,5
304,5,click,3
304,101,view,1
305,178,click,3
305,98,click,3
305,154,view,1
305,237,view,1
305,49,view,1
305,130,view,1
305,240,view,1
305,101,click,3
305,234,order,5
305,193,order,5
305,85,order,5
305,269,view,1
306,145,click,3
306,220,view,1
306,24,click,3
306,287,click,3
306,46,order,5
306,141,view,1
306,153,order,5
306,67,click,3
306,65,view,1
306,45,view,1
306,139,click,3
306,281,click,3
306,208,view,1
306,129,view,1
306,202,view,1
306,61,order,5
306,90,view,1
306,81,view,1
307,175,order,5
307,48,click,3
307,171,click,3
307,182,view,1
307,18,view,1
307,120,view,1
307,273,click,3
307,74,click,3
307,287,view,1
307,41,view,1
307,238,click,3
307,259,view,1
307,52,click,3
307,278,view,1
307,256,order,5
307,116,order,5
307,28,click,3
307,245,view,1
307,72,click,3
307,193,click,3
308,151,click,3
308,245,view,1
308,143,view,1
308,292,order,5
308,78,view,1
308,287,view,1
308,280,order,5
308,281,order,5
308,43,view,1
308,111,view,1
308,220,view,1
308,152,order,5
308,229,click,3
309,26,order,5
309,184,view,1
309,79,click,3
309,8,order,5
309,236,view,1
309,11,view,1
309,257,view,1
309,82,view,1
309,294,order,5
309,124,view,1
309,193,order,5
309,98,view,1
309,6,click,3
310,187,click,3
310,102,click,3
310,74,view,1
310,182,click,3
310,241,click,3
310,178,click,3
310,273,click,3
310,100,view,1
310,201,view,1
310,125,view,1
310,171,view,1
310,258,click,3
310,83,view,1
310,271,view,1
310,79,click,3
310,230,order,5
310,155,order,5
310,104,order,5
310,112,view,1
311,140,order,5
311,108,order,5
311,56,view,1
311,74,view,1
311,121,order,5
311,251,view,1
311,214,click,3
311,85,view,1
311,298,order,5
312,25,click,3
312,57,view,1
312,266,click,3
312,34,click,3
312,159,view,1
312,236,order,5
312,32,view,1
312,225,view,1
312,229,order,5
312,67,view,1
312,87,order,5
312,296,order,5
312,237,view,1
312,79,click,3
312,270,click,3
312,21,view,1
313,17,view,1
313,190,view,1
313,115,view,1
313,141,order,5
313,159,order,5
313,156,view,1
313,30,click,3
313,286,view,1
313,54,view,1
313,116,view,1
313,158,order,5
313,234,order,5
313,29,order,5
313,79,view,1
313,270,view,1
313,229,click,3
313,11,order,5
313,249,view,1
313,264,view,1
314,170,order,5
314,104,view,1
314,156,order,5
314,194,view,1
314,115,view,1
314,138,view,1
314,216,view,1
314,41,order,5
314,239,click,3
314,117,order,5
314,159,view,1
314,7,view,1
314,124,view,1
314,145,view,1
314,196,view,1
314,133,order,5
314,151,click,3
314,233,view,1
314,235,click,3
314,127,click,3
315,110,view,1
315,138,order,5
315,107,click,3
315,112,click,3
315,177,order,5
315,2,view,1
315,106,click,3
315,184,click,3
315,150,order,5
315,29,order,5
315,192,click,3
315,59,order,5
315,160,view,1
315,128,click,3
315,16,order,5
315,22,view,1
315,261,order,5
315,215,click,3
316,178,click,3
316,221,view,1
316,239,view,1
316,256,click,3
316,97,click,3
316,114,click,3
316,262,view,1
316,58,order,5
316,168,view,1
316,82,view,1
316,103,view,1
316,130,order,5
316,224,order,5
316,115,view,1
316,258,view,1
316,220,click,3
316,139,order,5
316,81,click,3
316,287,view,1
317,51,view,1
317,177,view,1
317,226,order,5
317,111,view,1
317,207,view,1
317,223,view,1
317,194,view,1
317,16,view,1
317,112,view,1
317,213,view,1
317,74,view,1
317,30,view,1
318,49,click,3
318,118,view,1
318,241,view,1
318,175,view,1
318,264,view,1
318,208,click,3
318,74,view,1
318,94,order,5
318,103,view,1
318,58,view,1
318,273,order,5
318,281,order,5
318,221,view,1
319,75,order,5
319,49,view,1
319,192,click,3
319,77,view,1
319,255,view,1
319,300,order,5
319,245,view,1
319,197,view,1
319,257,view,1
319,204,view,1
319,175,view,1
320,278,click,3
320,105,order,5
320,208,click,3
320,106,view,1
320,165,view,1
320,51,view,1
320,274,view,1
320,207,view,1
320,15,view,1
320,29,view,1
320,200,click,3
320,174,order,5
320,201,view,1
320,213,view,1
321,28,click,3
321,59,click,3
321,174,order,5
321,265,view,1
321,110,view,1
321,112,view,1
321,128,order,5
321,223,view,1
321,177,click,3
321,171,order,5
321,16,click,3
321,11,view,1
321,63,click,3
321,282,view,1
321,15,view,1
321,126,click,3
321,42,view,1
321,207,view,1
322,272,view,1
322,266,view,1
322,201,order,5
322,195,click,3
322,289,view,1
322,43,view,1
322,229,click,3
322,57,click,3
322,17,order,5
322,34,click,3
322,11,view,1
322,260,order,5
322,79,view,1
322,132,view,1
322,115,click,3
322,129,click,3
322,295,click,3
323,50,view,1
323,209,order,5
323,266,order,5
323,150,order,5
323,79,order,5
323,228,view,1
323,288,order,5
323,300,order,5
323,29,click,3
323,8,order,5
323,115,view,1
323,270,view,1
323,128,view,1
323,289,click,3
323,116,view,1
323,34,view,1
324,56,view,1
324,255,order,5
324,8,order,5
324,26,view,1
324,245,view,1
324,80,click,3
324,283,order,5
324,123,view,1
324,257,click,3
324,149,view,1
325,272,click,3
325,33,order,5
325,117,click,3
325,164,order,5
325,146,view,1
325,69,view,1
325,45,view,1
325,108,view,1
325,169,view,1
325,233,click,3
325,9,click,3
325,267,view,1
325,70,order,5
325,245,view,1
325,43,click,3
325,10,click,3
325,87,order,5
325,268,click,3
326,188,order,5
326,158,order,5
326,197,view,1
326,66,view,1
326,252,order,5
326,179,click,3
326,294,view,1
326,190,order,5
326,282,view,1
326,49,view,1
326,44,view,1
326,53,view,1
326,239,view,1
326,295,view,1
326,194,order,5
326,36,view,1
326,254,view,1
327,200,view,1
327,179,click,3
327,221,click,3
327,145,view,1
327,220,click,3
327,31,view,1
327,106,view,1
327,278,order,5
327,153,order,5
327,208,view,1
327,54,order,5
327,14,order,5
327,67,order,5
327,141,view,1
328,81,order,5
328,22,order,5
328,171,view,1
328,28,order,5
328,91,view,1
328,297,view,1
328,19,order,5
328,101,order,5
328,149,order,5
328,232,click,3
328,119,view,1
328,125,order,5
328,93,view,1
328,280,order,5
328,16,click,3
329,78,click,3
329,171,view,1
329,292,view,1
329,281,click,3
329,209,click,3
329,242,order,5
329,178,view,1
329,9,click,3
329,66,order,5
329,228,view,1
329,224,view,1
329,121,view,1
330,49,order,5
330,164,view,1
330,91,click,3
330,298,view,1
330,47,order,5
330,277,order,5
330,188,view,1
330,267,view,1
330,26,click,3
330,73,view,1
330,219,view,1
330,183,click,3
330,54,view,1
330,205,click,3
330,196,order,5
331,62,view,1
331,70,click,3
331,109,view,1
331,30,click,3
331,185,view,1
331,5,order,5
331,27,order,5
331,290,click,3
331,261,click,3
331,115,view,1
331,267,click,3
331,65,click,3
331,133,view,1
331,266,view,1
331,114,view,1
331,76,click,3
331,187,order,5
331,203,view,1
331,243,view,1
332,186,view,1
332,165,click,3
332,206,view,1
332,114,click,3
332,170,click,3
332,27,view,1
332,275,view,1
332,179,view,1
332,176,click,3
332,267,order,5
332,31,click,3
332,163,order,5
332,102,view,1
332,69,order,5
332,252,view,1
332,222,click,3
332,219,view,1
333,56,click,3
333,170,view,1
333,138,view,1
333,292,click,3
333,7,view,1
333,246,click,3
333,186,view,1
333,250,view,1
333,283,click,3
333,233,order,5
333,104,view,1
333,1,click,3
333,3,click,3
333,187,click,3
333,264,order,5
333,133,order,5
333,300,view,1
333,277,view,1
333,280,click,3
333,55,view,1
334,65,view,1
334,270,order,5
334,54,view,1
334,277,view,1
334,276,order,5
334,183,click,3
334,83,view,1
334,195,view,1
334,31,order,5
334,45,view,1
334,70,view,1
334,274,click,3
334,252,view,1
334,186,order,5
334,114,click,3
335,110,view,1
335,171,view,1
335,16,order,5
335,105,click,3
335,19,view,1
335,13,view,1
335,163,order,5
335,86,click,3
335,262,view,1
335,26,view,1
335,210,click,3
335,236,order,5
335,185,order,5
335,71,click,3
335,21,view,1
335,14,view,1
335,43,view,1
336,276,click,3
336,264,view,1
336,279,order,5
336,3,click,3
336,296,view,1
336,161,click,3
336,12,view,1
336,200,order,5
336,24,click,3
336,98,click,3
336,125,view,1
336,274,order,5
336,208,order,5
336,293,click,3
336,61,click,3
336,119,view,1
336,265,order,5
336,29,order,5
336,294,click,3
337,19,order,5
337,228,order,5
337,15,order,5
337,112,order,5
337,125,click,3
337,151,click,3
337,286,click,3
337,108,view,1
337,217,order,5
337,227,click,3
338,241,view,1
338,187,order,5
338,27,view,1
338,100,order,5
338,68,order,5
338,83,click,3
338,178,order,5
338,58,view,1
338,108,view,1
338,292,view,1
338,74,view,1
338,269,order,5
338,256,view,1
338,221,view,1
338,202,view,1
338,141,click,3
338,232,click,3
339,178,view,1
339,138,view,1
339,170,view,1
339,159,order,5
339,172,click,3
339,233,view,1
339,161,click,3
339,300,view,1
339,88,view,1
339,245,view,1
340,33,view,1
340,133,order,5
340,212,order,5
340,189,click,3
340,250,click,3
340,90,view,1
340,272,view,1
340,54,click,3
340,279,view,1
340,7,order,5
340,195,click,3
340,138,click,3
340,106,order,5
340,87,order,5
340,1,click,3
340,63,view,1
340,207,click,3
341,182,view,1
341,97,order,5
341,128,order,5
341,78,view,1
341,154,click,3
341,116,order,5
341,32,view,1
341,174,view,1
341,271,view,1
342,178,click,3
342,43,view,1
342,128,order,5
342,239,view,1
342,44,click,3
342,94,click,3
342,58,view,1
342,169,view,1
342,294,click,3
342,77,order,5
342,55,click,3
342,68,view,1
342,31,view,1
342,106,view,1
342,65,view,1
342,3,order,5
342,160,order,5
342,87,view,1
342,254,order,5
343,68,view,1
343,240,click,3
343,110,order,5
343,53,view,1
343,268,view,1
343,254,view,1
343,154,click,3
343,226,view,1
343,83,order,5
343,94,view,1
343,229,order,5
343,16,view,1
344,149,view,1
344,95,view,1
344,90,view,1
344,28,view,1
344,209,view,1
344,48,click,3
344,37,view,1
344,101,order,5
344,201,view,1
344,64,view,1
345,149,view,1
345,48,view,1
345,21,view,1
345,258,order,5
345,38,view,1
345,151,click,3
345,160,click,3
345,232,click,3
345,92,view,1
345,54,click,3
345,19,view,1
345,208,view,1
345,270,view,1
346,111,view,1
346,201,order,5
346,190,click,3
346,184,view,1
346,126,view,1
346,68,click,3
346,26,view,1
346,297,click,3
346,94,order,5
346,138,view,1
346,158,order,5
346,77,view,1
346,194,order,5
346,275,click,3
347,233,click,3
347,69,click,3
347,127,view,1
347,273,click,3
347,193,click,3
347,150,view,1
347,165,view,1
347,224,order,5
347,172,order,5
348,221,view,1
348,218,click,3
348,108,order,5
348,187,click,3
348,226,view,1
348,219,view,1
348,146,order,5
348,240,view,1
348,287,order,5
348,195,click,3
348,200,order,5
348,58,click,3
348,178,order,5
348,120,click,3
348,206,view,1
348,43,click,3
349,58,view,1
349,208,order,5
349,73,order,5
349,18,view,1
349,114,order,5
349,43,view,1
349,23,view,1
349,194,view,1
349,178,order,5
349,221,click,3
349,25,order,5
349,74,click,3
349,251,click,3
349,107,order,5
349,134,view,1
349,100,order,5
349,237,click,3
350,49,view,1
350,204,view,1
350,140,view,1
350,30,view,1
350,99,view,1
350,188,view,1
350,156,order,5
350,3,click,3
350,240,view,1
350,84,view,1
350,179,click,3
350,193,order,5
350,51,view,1
350,169,order,5
350,22,view,1
350,190,view,1
350,255,order,5
350,8,order,5
350,271,view,1
351,177,order,5
351,82,click,3
351,55,view,1
351,242,order,5
351,163,order,5
351,205,click,3
351,127,click,3
351,15,view,1
352,271,order,5
352,263,view,1
352,58,view,1
352,298,view,1
352,16,view,1
352,97,view,1
352,152,view,1
352,32,view,1
352,18,view,1
352,29,order,5
352,240,order,5
352,148,click,3
352,228,view,1
353,184,order,5
353,97,view,1
353,206,view,1
353,119,view,1
353,155,view,1
353,281,order,5
353,275,view,1
353,143,order,5
353,148,view,1
353,107,order,5
353,18,view,1
353,299,view,1
353,78,view,1
353,209,view,1
353,51,view,1
353,80,click,3
353,271,view,1
353,236,order,5
354,77,order,5
354,160,view,1
354,66,order,5
354,35,view,1
354,53,click,3
354,155,click,3
354,44,view,1
354,120,view,1
354,188,view,1
354,239,order,5
354,63,order,5
354,226,view,1
354,262,view,1
354,94,view,1
354,41,view,1
354,253,view,1
354,136,view,1
355,253,order,5
355,41,click,3
355,175,view,1
355,274,click,3
355,182,order,5
355,230,view,1
355,258,click,3
355,262,order,5
355,72,view,1
355,28,view,1
355,178,view,1
355,187,view,1
355,157,view,1
355,288,click,3
356,207,click,3
356,269,order,5
356,184,click,3
356,240,view,1
356,60,view,1
356,40,view,1
356,26,click,3
356,193,order,5
356,99,view,1
357,171,view,1
357,83,order,5
357,71,view,1
357,30,view,1
357,221,view,1
357,178,order,5
357,198,view,1
357,249,view,1
357,147,view,1
357,74,view,1
357,23,view,1
357,168,view,1
357,66,order,5
357,193,view,1
357,118,view,1
357,191,view,1
357,108,view,1
357,106,view,1
357,102,click,3
358,189,view,1
358,224,order,5
358,281,click,3
358,100,click,3
358,211,view,1
358,142,order,5
358,9,click,3
358,222,view,1
358,257,order,5
358,148,click,3
358,81,click,3
358,292,view,1
358,69,click,3
358,51,click,3
358,15,view,1
358,271,view,1
358,204,order,5
358,174,view,1
358,179,view,1
359,228,view,1
359,48,view,1
359,224,view,1
359,232,view,1
359,292,order,5
359,281,order,5
359,280,view,1
359,32,view,1
359,206,view,1
359,265,view,1
359,267,view,1
359,271,view,1
359,209,click,3
359,250,view,1
359,226,view,1
359,129,order,5
359,111,view,1
359,257,click,3
359,78,click,3
360,158,view,1
360,21,click,3
360,228,view,1
360,129,view,1
360,216,view,1
360,134,order,5
360,212,click,3
360,115,click,3
360,131,click,3
360,116,click,3
360,268,view,1
361,111,order,5
361,224,view,1
361,209,view,1
361,271,view,1
361,175,order,5
361,264,view,1
361,100,click,3
361,152,order,5
361,203,view,1
361,143,view,1
361,195,view,1
361,148,click,3
361,277,click,3
361,216,view,1
361,188,order,5
361,97,order,5
361,123,view,1
361,281,click,3
361,154,click,3
362,206,view,1
362,104,view,1
362,56,order,5
362,10,view,1
362,243,order,5
362,45,view,1
362,272,click,3
362,13,view,1
362,278,view,1
362,134,click,3
362,1,click,3
363,131,view,1
363,128,view,1
363,289,order,5
363,158,view,1
363,242,view,1
363,11,view,1
363,228,order,5
363,266,click,3
363,116,view,1
363,157,click,3
363,29,view,1
363,123,order,5
364,144,click,3
364,95,click,3
364,234,view,1
364,41,view,1
364,187,view,1
364,262,view,1
364,118,view,1
364,251,order,5
364,241,order,5
364,116,order,5
364,83,order,5
365,108,view,1
365,98,order,5
365,132,click,3
365,153,click,3
365,99,view,1
365,240,view,1
365,283,view,1
365,22,click,3
365,40,view,1
365,216,view,1
365,200,click,3
365,111,view,1
365,180,view,1
365,75,view,1
365,236,view,1
365,201,click,3
365,245,view,1
365,88,view,1
365,114,click,3
365,156,click,3
366,97,click,3
366,149,order,5
366,84,click,3
366,232,order,5
366,93,view,1
366,125,view,1
366,231,view,1
366,269,click,3
366,38,view,1
366,35,view,1
366,184,order,5
366,90,click,3
366,6,view,1
366,151,click,3
366,75,view,1
367,63,order,5
367,29,view,1
367,132,click,3
367,170,click,3
367,242,view,1
367,168,view,1
367,73,order,5
367,11,view,1
367,229,view,1
367,134,view,1
367,167,order,5
367,237,order,5
368,151,view,1
368,291,order,5
368,274,view,1
368,25,click,3
368,149,order,5
368,232,order,5
368,60,view,1
368,166,view,1
368,142,order,5
368,22,view,1
368,231,view,1
368,251,view,1
369,179,view,1
369,202,click,3
369,141,view,1
369,220,click,3
369,67,order,5
369,145,order,5
369,153,click,3
369,264,view,1
370,184,view,1
370,214,view,1
370,187,view,1
370,245,view,1
370,26,view,1
370,227,click,3
370,161,view,1
370,193,click,3
370,192,order,5
370,98,click,3
371,188,view,1
371,197,order,5
371,254,click,3
371,178,view,1
371,201,view,1
371,183,view,1
371,238,view,1
371,168,view,1
371,77,order,5
371,268,view,1
371,207,order,5
371,198,click,3
371,199,click,3
371,26,view,1
372,187,click,3
372,160,view,1
372,40,view,1
372,123,view,1
372,8,click,3
372,100,view,1
372,85,view,1
372,205,click,3
372,261,view,1
372,269,order,5
372,175,view,1
372,204,view,1
372,86,view,1
372,138,view,1
373,126,order,5
373,242,view,1
373,213,view,1
373,289,click,3
373,154,order,5
373,75,view,1
373,158,view,1
373,115,view,1
373,296,click,3
373,116,click,3
373,159,view,1
374,280,order,5
374,180,order,5
374,270,order,5
374,78,click,3
374,29,view,1
374,260,view,1
374,34,view,1
374,295,order,5
374,158,order,5
374,296,click,3
374,11,click,3
374,79,view,1
374,288,click,3
374,164,view,1
375,24,order,5
375,61,order,5
375,202,click,3
375,208,view,1
375,281,view,1
375,262,view,1
375,274,order,5
375,64,view,1
375,189,click,3
375,81,click,3
375,38,view,1
375,106,click,3
376,250,view,1
376,179,click,3
376,24,click,3
376,265,view,1
376,46,view,1
376,193,view,1
376,264,view,1
376,101,view,1
376,293,view,1
376,145,view,1
376,210,order,5
376,200,order,5
376,181,view,1
376,26,view,1
376,12,view,1
376,228,view,1
376,274,click,3
376,8,click,3
377,249,click,3
377,88,view,1
377,114,order,5
377,191,order,5
377,6,click,3
377,227,order,5
377,10,view,1
377,279,click,3
378,5,click,3
378,165,view,1
378,74,click,3
378,266,view,1
378,219,click,3
378,276,order,5
378,31,view,1
378,70,view,1
378,277,view,1
378,284,order,5
379,220,click,3
379,290,click,3
379,141,click,3
379,66,order,5
379,130,click,3
379,22,view,1
379,94,order,5
379,9,click,3
379,197,order,5
379,254,click,3
380,14,view,1
380,210,click,3
380,145,view,1
380,177,click,3
380,91,click,3
380,261,view,1
380,43,click,3
380,15,view,1
380,278,order,5
380,264,view,1
380,107,click,3
380,13,view,1
380,173,click,3
380,236,view,1
380,81,order,5
380,207,view,1
381,202,click,3
381,153,view,1
381,195,click,3
381,94,view,1
381,24,view,1
381,69,click,3
381,293,order,5
381,200,order,5
381,46,order,5
381,274,click,3
381,271,click,3
381,220,view,1
381,297,order,5
381,141,view,1
381,111,view,1
381,139,order,5
381,167,view,1
381,135,click,3
381,134,view,1
382,194,order,5
382,292,view,1
382,63,view,1
382,169,order,5
382,226,click,3
382,190,click,3
382,199,view,1
382,85,view,1
382,17,view,1
382,201,view,1
382,3,view,1
383,228,view,1
383,16,view,1
383,204,order,5
383,289,click,3
383,158,order,5
383,250,view,1
383,266,click,3
383,246,view,1
383,160,view,1
383,30,order,5
383,145,view,1
383,17,order,5
383,201,click,3
383,288,view,1
383,125,order,5
383,99,click,3
383,73,view,1
384,228,view,1
384,94,order,5
384,210,order,5
384,113,order,5
384,68,click,3
384,139,click,3
384,165,view,1
384,88,order,5
384,227,view,1
384,43,click,3
384,243,view,1
384,169,view,1
384,22,click,3
384,234,order,5
385,17,view,1
385,242,view,1
385,288,view,1
385,59,order,5
385,197,view,1
385,129,order,5
385,79,view,1
385,29,click,3
385,85,order,5
386,100,view,1
386,74,view,1
386,44,click,3
386,154,order,5
386,258,click,3
386,262,view,1
386,198,view,1
386,79,view,1
386,83,order,5
386,171,view,1
386,187,click,3
386,178,view,1
386,168,view,1
386,63,view,1
387,242,order,5
387,271,order,5
387,99,view,1
387,9,view,1
387,245,order,5
387,56,view,1
387,196,click,3
387,211,view,1
387,78,view,1
387,186,view,1
387,282,click,3
387,270,view,1
387,241,order,5
387,209,order,5
387,236,click,3
387,172,view,1
387,77,order,5
388,211,view,1
388,189,click,3
388,199,view,1
388,238,order,5
388,22,view,1
388,78,view,1
388,184,order,5
388,161,view,1
388,271,view,1
388,23,view,1
388,192,order,5
388,209,order,5
388,293,click,3
388,124,order,5
388,3,click,3
388,250,view,1
389,138,view,1
389,296,view,1
389,172,order,5
389,33,order,5
389,100,click,3
389,104,view,1
389,150,view,1
389,217,view,1
389,242,order,5
389,133,view,1
389,280,click,3
389,56,view,1
389,279,order,5
389,197,order,5
389,69,click,3
389,107,order,5
389,193,click,3
389,234,click,3
389,251,order,5
389,300,view,1
390,296,view,1
390,202,view,1
390,131,click,3
390,21,view,1
390,105,order,5
390,289,view,1
390,15,view,1
390,29,order,5
390,126,click,3
390,266,view,1
390,113,view,1
390,166,order,5
390,5,view,1
390,134,view,1
390,181,view,1
390,173,view,1
390,184,order,5
391,62,view,1
391,71,view,1
391,169,click,3
391,287,order,5
391,66,view,1
391,130,view,1
391,77,view,1
391,192,view,1
391,226,view,1
391,72,view,1
391,235,view,1
391,202,order,5
391,88,click,3
391,36,click,3
391,199,view,1
391,201,view,1
391,268,view,1
392,221,view,1
392,8,view,1
392,79,view,1
392,208,order,5
392,171,view,1
392,179,click,3
392,265,order,5
392,293,view,1
392,161,click,3
392,226,order,5
392,7,view,1
392,286,view,1
392,55,view,1
392,270,view,1
392,284,click,3
392,24,view,1
392,195,view,1
393,78,order,5
393,111,order,5
393,119,order,5
393,33,order,5
393,238,click,3
393,37,view,1
393,143,view,1
393,97,click,3
393,189,click,3
393,116,view,1
393,197,order,5
393,46,click,3
393,211,view,1
393,81,click,3
393,206,view,1
393,169,view,1
393,267,order,5
393,96,view,1
393,174,click,3
394,283,click,3
394,179,order,5
394,213,order,5
394,175,view,1
394,41,click,3
394,240,click,3
394,237,order,5
394,255,click,3
394,22,click,3
394,85,view,1
394,135,order,5
394,162,view,1
394,152,order,5
394,204,click,3
394,109,order,5
395,161,view,1
395,282,click,3
395,29,view,1
395,13,view,1
395,174,view,1
395,59,click,3
395,177,order,5
395,51,view,1
395,207,view,1
395,261,view,1
395,86,view,1
395,23,order,5
395,168,order,5
395,14,view,1
395,50,order,5
395,179,view,1
395,32,order,5
396,175,click,3
396,8,order,5
396,98,view,1
396,178,order,5
396,101,click,3
396,255,click,3
396,254,click,3
396,186,order,5
396,94,view,1
396,80,click,3
396,74,order,5
396,187,view,1
396,237,click,3
396,149,view,1
396,193,view,1
396,192,order,5
396,3,order,5
396,191,order,5
397,166,view,1
397,275,view,1
397,254,order,5
397,252,view,1
397,277,click,3
397,276,view,1
397,94,click,3
397,185,order,5
398,279,view,1
398,136,view,1
398,105,view,1
398,169,view,1
398,254,order,5
398,31,view,1
398,88,click,3
398,251,view,1
399,218,order,5
399,199,view,1
399,261,view,1
399,44,view,1
399,63,view,1
399,169,view,1
399,77,order,5
399,247,view,1
399,194,order,5
399,197,order,5
399,271,click,3
399,300,view,1
399,226,view,1
399,93,view,1
399,214,click,3
399,167,view,1
399,280,click,3
399,262,click,3
399,23,view,1
400,173,order,5
400,110,order,5
400,128,click,3
400,15,view,1
400,43,view,1
400,177,view,1
400,160,view,1
400,30,view,1
400,66,click,3
400,16,view,1
400,112,view,1
400,234,view,1
400,261,click,3
400,230,view,1
401,252,view,1
401,111,view,1
401,97,view,1
401,211,view,1
401,209,click,3
401,216,click,3
401,299,view,1
401,102,view,1
401,119,order,5
401,9,order,5
401,142,order,5
402,46,view,1
402,4,order,5
402,65,order,5
402,165,view,1
402,197,order,5
402,140,order,5
402,143,order,5
402,30,click,3
402,238,view,1
402,114,view,1
402,130,click,3
402,20,click,3
402,267,view,1
402,206,view,1
402,70,view,1
403,67,click,3
403,118,order,5
403,193,view,1
403,195,view,1
403,52,view,1
403,24,view,1
403,208,view,1
403,141,view,1
403,1,order,5
403,264,view,1
403,13,order,5
403,274,view,1
403,111,view,1
404,297,view,1
404,59,view,1
404,16,view,1
404,212,order,5
404,42,order,5
404,234,click,3
404,65,order,5
404,286,view,1
404,85,view,1
404,19,view,1
405,138,click,3
405,213,click,3
405,300,view,1
405,217,view,1
405,146,view,1
405,279,order,5
405,250,view,1
405,118,click,3
405,221,view,1
405,149,order,5
405,196,order,5
406,110,click,3
406,13,view,1
406,59,view,1
406,2,order,5
406,36,click,3
406,209,view,1
406,106,order,5
406,236,click,3
406,15,order,5
406,207,click,3
406,95,view,1
406,126,view,1
406,225,click,3
406,52,order,5
406,62,view,1
406,215,view,1
406,160,order,5
407,114,order,5
407,161,view,1
407,194,order,5
407,190,order,5
407,108,click,3
407,197,view,1
407,226,click,3
407,66,view,1
407,237,click,3
407,213,order,5
407,44,view,1
407,68,order,5
408,110,view,1
408,95,order,5
408,43,view,1
408,112,click,3
408,271,view,1
408,59,order,5
408,86,view,1
408,98,order,5
408,229,view,1
408,249,view,1
408,160,order,5
408,60,order,5
408,234,order,5
408,193,order,5
408,213,order,5
409,110,order,5
409,42,order,5
409,210,click,3
409,59,click,3
409,62,click,3
409,25,click,3
409,51,view,1
409,166,click,3
409,247,order,5
409,225,view,1
409,241,view,1
409,105,view,1
409,43,view,1
409,81,order,5
409,173,order,5
409,134,view,1
409,135,click,3
410,15,click,3
410,77,view,1
410,132,click,3
410,114,click,3
410,242,view,1
410,158,click,3
410,115,order,5
410,116,view,1
411,50,view,1
411,207,view,1
411,51,view,1
411,173,view,1
411,168,view,1
411,128,click,3
411,43,view,1
411,25,click,3
411,135,view,1
412,66,view,1
412,43,order,5
412,132,order,5
412,68,order,5
412,190,view,1
412,220,order,5
412,94,order,5
412,197,click,3
413,46,view,1
413,21,view,1
413,277,click,3
413,198,order,5
413,18,order,5
413,58,view,1
413,77,view,1
413,134,order,5
413,90,view,1
413,102,click,3
413,245,view,1
413,168,click,3
413,100,view,1
413,124,order,5
413,182,order,5
413,9,order,5
413,157,click,3
414,1,view,1
414,109,view,1
414,31,view,1
414,185,view,1
414,20,order,5
414,63,view,1
414,35,order,5
414,118,click,3
414,214,click,3
414,91,view,1
414,55,view,1
415,296,click,3
415,37,click,3
415,116,order,5
415,289,view,1
415,126,click,3
415,268,click,3
415,229,view,1
415,159,click,3
415,188,order,5
415,255,view,1
415,95,order,5
415,124,view,1
415,279,click,3
415,66,view,1
415,127,view,1
415,72,view,1
415,57,view,1
416,153,order,5
416,67,order,5
416,210,view,1
416,185,order,5
416,293,order,5
416,255,view,1
416,273,click,3
416,256,order,5
416,169,click,3
416,26,view,1
416,50,order,5
416,220,order,5
416,181,view,1
416,27,view,1
416,227,view,1
416,106,view,1
416,9,order,5
416,81,click,3
417,39,view,1
417,258,view,1
417,211,click,3
417,224,click,3
417,9,view,1
417,236,view,1
417,231,view,1
417,111,click,3
417,216,view,1
417,142,view,1
417,145,view,1
417,32,order,5
417,289,view,1
417,38,view,1
417,271,click,3
418,160,click,3
418,2,view,1
418,213,view,1
418,236,view,1
418,261,view,1
418,51,view,1
418,208,order,5
418,215,view,1
418,207,view,1
418,15,order,5
418,107,click,3
418,177,click,3
418,278,view,1
418,219,click,3
418,241,view,1
418,86,view,1
418,194,view,1
418,212,click,3
419,183,order,5
419,31,view,1
419,248,view,1
419,144,order,5
419,27,order,5
419,185,order,5
419,91,view,1
419,238,view,1
419,219,order,5
420,95,click,3
420,82,click,3
420,91,view,1
420,90,order,5
420,125,view,1
420,296,view,1
420,227,click,3
420,71,view,1
420,101,click,3
420,297,click,3
420,291,click,3
420,48,view,1
420,119,order,5
420,149,view,1
421,132,click,3
421,108,click,3
421,210,view,1
421,296,order,5
421,126,view,1
421,171,click,3
421,58,click,3
421,159,view,1
421,123,order,5
421,289,order,5
421,229,order,5
421,188,view,1
421,144,click,3
421,29,order,5
421,7,click,3
422,254,view,1
422,94,click,3
422,69,order,5
422,215,view,1
422,139,view,1
422,44,view,1
422,295,order,5
422,201,click,3
422,194,view,1
422,169,view,1
422,155,view,1
422,138,click,3
423,54,view,1
423,179,click,3
423,183,view,1
423,161,view,1
423,216,order,5
423,230,click,3
423,123,order,5
423,24,view,1
424,183,view,1
424,47,view,1
424,222,order,5
424,65,click,3
424,201,order,5
424,223,order,5
424,214,click,3
424,30,order,5
424,204,view,1
424,203,view,1
424,164,click,3
424,193,view,1
424,233,click,3
424,261,order,5
424,161,view,1
424,239,order,5
424,91,order,5
425,247,order,5
425,41,view,1
425,5,view,1
425,256,order,5
425,178,order,5
425,258,view,1
425,273,click,3
425,262,click,3
425,177,view,1
425,100,view,1
425,230,view,1
425,242,order,5
425,272,view,1
425,187,view,1
426,107,order,5
426,177,order,5
426,2,view,1
426,160,click,3
426,60,view,1
426,247,view,1
426,178,view,1
426,161,click,3
426,98,click,3
426,128,click,3
426,207,click,3
427,217,view,1
427,199,view,1
427,264,view,1
427,28,view,1
427,103,order,5
427,101,click,3
427,169,click,3
427,295,order,5
427,48,click,3
427,38,order,5
427,213,view,1
427,276,view,1
427,227,view,1
427,149,click,3
427,6,view,1
428,209,view,1
428,96,click,3
428,271,view,1
428,9,click,3
428,29,view,1
428,111,click,3
428,97,order,5
428,206,view,1
428,154,order,5
429,46,click,3
429,195,view,1
429,114,view,1
429,61,click,3
429,274,click,3
429,88,order,5
429,67,order,5
429,202,view,1
429,291,view,1
429,43,view,1
430,21,order,5
430,296,click,3
430,289,view,1
430,131,view,1
430,113,view,1
430,41,click,3
430,270,click,3
430,266,view,1
430,107,view,1
431,249,view,1
431,95,view,1
431,9,view,1
431,230,view,1
431,151,order,5
431,296,click,3
431,149,view,1
431,227,order,5
431,50,view,1
431,31,order,5
431,186,click,3
431,252,order,5
431,262,click,3
431,182,click,3
431,278,view,1
431,177,view,1
431,35,order,5
431,210,click,3
432,96,view,1
432,22,view,1
432,251,view,1
432,181,order,5
432,78,view,1
432,197,view,1
432,150,click,3
432,281,click,3
432,111,view,1
432,59,click,3
432,271,click,3
432,264,order,5
433,159,click,3
433,300,click,3
433,103,click,3
433,166,order,5
433,146,click,3
433,95,view,1
433,202,order,5
433,178,view,1
433,90,view,1
433,287,view,1
434,77,order,5
434,237,view,1
434,51,view,1
434,54,order,5
434,269,order,5
434,98,view,1
434,157,order,5
434,156,order,5
434,244,view,1
434,255,view,1
434,85,view,1
434,66,order,5
434,108,view,1
434,3,view,1
435,72,view,1
435,267,view,1
435,185,view,1
435,262,click,3
435,162,click,3
435,235,click,3
435,164,view,1
435,155,view,1
436,81,view,1
436,238,order,5
436,66,order,5
436,207,click,3
436,53,view,1
436,94,view,1
436,77,click,3
436,167,view,1
436,177,click,3
436,226,click,3
437,9,click,3
437,211,order,5
437,124,view,1
437,216,order,5
437,10,view,1
437,263,order,5
437,245,view,1
437,119,view,1
437,39,order,5
437,244,order,5
437,143,order,5
437,154,click,3
437,32,view,1
438,110,view,1
438,13,order,5
438,297,view,1
438,229,view,1
438,103,click,3
438,133,view,1
438,149,order,5
438,106,view,1
438,19,order,5
438,232,view,1
438,191,view,1
438,111,view,1
438,247,click,3
438,235,view,1
438,227,view,1
438,93,order,5
438,38,order,5
438,128,click,3
438,79,order,5
438,212,view,1
439,247,order,5
439,158,view,1
439,115,click,3
439,270,view,1
439,17,view,1
439,11,view,1
439,197,order,5
439,273,view,1
439,183,view,1
439,180,order,5
439,260,view,1
439,289,order,5
440,229,view,1
440,158,order,5
440,222,click,3
440,266,view,1
440,11,click,3
440,189,view,1
440,300,view,1
440,289,view,1
440,242,order,5
441,33,click,3
441,296,order,5
441,12,view,1
441,61,click,3
441,227,click,3
441,208,view,1
441,264,click,3
441,195,view,1
442,131,order,5
442,135,view,1
442,31,order,5
442,296,view,1
442,116,view,1
442,11,click,3
442,29,order,5
442,266,view,1
442,72,view,1
442,132,view,1
442,107,view,1
442,76,order,5
442,289,view,1
442,229,order,5
442,39,view,1
442,19,order,5
442,115,click,3
442,270,click,3
443,155,view,1
443,191,order,5
443,255,order,5
443,276,view,1
443,283,view,1
443,47,view,1
443,173,view,1
443,269,order,5
443,175,view,1
443,75,view,1
443,156,view,1
443,122,order,5
443,24,view,1
443,137,view,1
443,127,click,3
443,204,click,3
443,257,order,5
444,169,click,3
444,75,click,3
444,293,click,3
444,30,click,3
444,64,view,1
444,204,click,3
444,24,order,5
444,139,view,1
444,294,view,1
444,226,view,1
444,217,view,1
444,239,view,1
444,44,view,1
444,23,click,3
444,197,view,1
444,245,view,1
445,164,click,3
445,29,order,5
445,140,view,1
445,260,click,3
445,270,order,5
445,17,view,1
445,228,order,5
445,76,view,1
446,247,view,1
446,177,view,1
446,199,click,3
446,300,click,3
446,16,order,5
446,212,view,1
446,89,view,1
446,213,view,1
446,14,view,1
446,230,view,1
446,175,view,1
446,278,order,5
446,106,order,5
446,281,view,1
446,51,view,1
446,151,view,1
446,13,order,5
446,66,view,1
447,110,click,3
447,160,order,5
447,249,view,1
447,236,click,3
447,210,view,1
447,216,order,5
447,13,view,1
447,177,click,3
447,278,click,3
447,258,view,1
447,128,click,3
447,15,order,5
447,212,view,1
448,43,view,1
448,2,view,1
448,13,order,5
448,202,click,3
448,252,view,1
448,128,view,1
448,234,click,3
448,236,view,1
448,71,click,3
448,16,view,1
448,107,order,5
448,94,view,1
448,194,view,1
448,278,view,1
448,291,click,3
448,261,order,5
449,289,order,5
449,235,order,5
449,255,view,1
449,116,click,3
449,20,click,3
449,184,order,5
449,29,view,1
449,113,click,3
449,139,click,3
449,270,view,1
449,292,click,3
449,266,view,1
449,115,view,1
449,242,view,1
449,132,view,1
449,249,click,3
449,296,view,1
449,228,view,1
449,234,view,1
450,133,order,5
450,104,view,1
450,1,order,5
450,106,click,3
450,218,view,1
450,202,view,1
450,164,click,3
450,245,view,1
450,263,order,5
450,243,view,1
450,69,click,3
450,217,view,1
450,10,view,1
450,279,view,1
451,168,click,3
451,118,order,5
451,157,view,1
451,100,order,5
451,82,click,3
451,203,order,5
451,11,order,5
451,256,view,1
451,144,view,1
452,155,view,1
452,144,order,5
452,277,view,1
452,5,click,3
452,109,view,1
452,199,view,1
452,219,click,3
452,290,view,1
452,154,view,1
452,183,view,1
452,47,view,1
452,87,view,1
452,76,order,5
452,145,order,5
452,124,view,1
452,252,view,1
452,52,order,5
453,195,view,1
453,265,view,1
453,286,order,5
453,274,view,1
453,33,order,5
453,280,click,3
453,199,view,1
453,240,order,5
453,202,click,3
453,220,view,1
453,297,order,5
453,111,click,3
454,272,view,1
454,197,click,3
454,133,click,3
454,85,order,5
454,196,view,1
454,70,click,3
454,261,view,1
454,217,view,1
454,160,view,1
454,150,view,1
454,147,order,5
454,259,order,5
454,36,view,1
454,138,view,1
454,193,click,3
454,7,order,5
454,233,view,1
455,280,view,1
455,100,click,3
455,161,view,1
455,3,view,1
455,176,click,3
455,254,click,3
455,61,view,1
455,169,order,5
455,194,order,5
455,239,order,5
455,22,order,5
455,278,click,3
455,66,view,1
455,237,view,1
455,207,order,5
456,242,order,5
456,270,click,3
456,100,view,1
456,187,view,1
456,273,view,1
456,9,view,1
456,178,view,1
456,259,view,1
457,114,view,1
457,252,click,3
457,4,view,1
457,63,view,1
457,140,view,1
457,185,click,3
457,51,order,5
457,262,click,3
457,284,order,5
457,245,click,3
457,82,view,1
457,219,click,3
457,55,view,1
458,215,view,1
458,160,view,1
458,186,order,5
458,222,view,1
458,29,order,5
458,191,click,3
458,8,click,3
458,137,click,3
458,276,view,1
458,122,view,1
458,30,view,1
459,188,view,1
459,182,view,1
459,202,view,1
459,181,view,1
459,115,order,5
459,104,click,3
459,264,view,1
459,238,view,1
459,220,view,1
459,267,order,5
459,113,view,1
459,9,view,1
459,124,view,1
459,145,click,3
459,211,click,3
459,148,click,3
459,141,view,1
459,35,order,5
460,33,view,1
460,1,view,1
460,250,order,5
460,150,view,1
460,62,click,3
460,118,view,1
460,91,order,5
460,133,view,1
460,79,click,3
460,104,view,1
460,50,click,3
460,13,order,5
460,233,view,1
460,138,view,1
460,243,view,1
460,170,view,1
461,184,click,3
461,245,view,1
461,255,click,3
461,137,order,5
461,185,view,1
461,40,click,3
461,41,view,1
461,75,view,1
461,283,click,3
461,104,order,5
461,239,view,1
461,122,click,3
461,98,order,5
461,21,click,3
461,191,order,5
461,192,order,5
461,99,order,5
461,87,view,1
462,177,click,3
462,110,click,3
462,234,order,5
462,86,order,5
462,148,order,5
462,261,click,3
462,51,view,1
462,42,view,1
462,249,click,3
462,15,view,1
462,277,view,1
462,291,view,1
462,244,view,1
462,3,view,1
463,142,view,1
463,98,order,5
463,245,click,3
463,26,click,3
463,54,view,1
463,108,click,3
463,227,view,1
463,232,view,1
463,55,view,1
463,8,click,3
463,87,click,3
463,82,click,3
463,195,click,3
463,85,order,5
464,271,view,1
464,158,click,3
464,29,click,3
464,295,view,1
464,126,click,3
464,11,order,5
464,296,view,1
464,229,click,3
464,270,order,5
464,134,click,3
464,24,view,1
464,79,order,5
464,46,view,1
464,41,view,1
464,242,click,3
464,157,click,3
465,171,click,3
465,220,order,5
465,181,click,3
465,81,click,3
465,264,order,5
465,293,order,5
465,67,order,5
465,242,click,3
465,24,click,3
465,278,view,1
465,64,order,5
465,165,order,5
465,179,order,5
465,98,order,5
465,138,order,5
465,175,view,1
465,265,click,3
466,12,order,5
466,161,click,3
466,220,order,5
466,293,click,3
466,217,view,1
466,45,click,3
466,239,click,3
466,64,order,5
466,228,view,1
466,202,view,1
466,101,click,3
466,96,click,3
467,270,view,1
467,295,click,3
467,289,order,5
467,8,view,1
467,95,view,1
467,35,click,3
467,260,click,3
467,262,order,5
467,17,view,1
467,287,order,5
467,116,click,3
467,21,click,3
467,266,order,5
467,283,view,1
467,296,view,1
467,43,view,1
467,76,click,3
468,226,view,1
468,75,order,5
468,9,view,1
468,213,view,1
468,219,view,1
468,135,view,1
468,236,click,3
468,212,view,1
468,173,order,5
468,261,click,3
468,177,click,3
468,89,view,1
468,128,click,3
469,249,view,1
469,232,view,1
469,10,click,3
469,38,view,1
469,111,click,3
469,47,view,1
469,6,order,5
469,33,click,3
469,101,view,1
469,141,view,1
469,149,view,1
469,297,view,1
469,291,click,3
469,240,click,3
469,90,view,1
470,246,order,5
470,103,click,3
470,170,click,3
470,188,view,1
470,150,view,1
470,300,order,5
470,250,order,5
470,276,view,1
470,33,order,5
470,139,order,5
470,217,view,1
470,196,click,3
470,264,view,1
470,261,view,1
470,172,click,3
470,51,click,3
470,7,click,3
470,22,click,3
470,210,order,5
470,26,view,1
471,130,click,3
471,244,order,5
471,40,click,3
471,60,view,1
471,281,view,1
471,184,view,1
471,242,click,3
471,121,view,1
471,26,click,3
471,276,view,1
471,118,view,1
472,138,view,1
472,181,order,5
472,37,click,3
472,82,view,1
472,278,click,3
472,96,view,1
472,209,click,3
472,189,view,1
472,66,view,1
472,205,order,5
472,154,view,1
472,292,view,1
472,111,click,3
472,234,order,5
472,196,click,3
472,224,view,1
473,103,click,3
473,146,view,1
473,65,view,1
473,38,view,1
473,37,view,1
473,43,order,5
473,84,view,1
473,28,order,5
473,229,order,5
473,141,view,1
473,166,order,5
473,284,view,1
473,227,click,3
473,101,order,5
473,297,view,1
474,249,order,5
474,15,order,5
474,86,click,3
474,89,view,1
474,51,order,5
474,28,view,1
474,135,order,5
474,261,order,5
474,213,click,3
474,124,order,5
474,16,click,3
474,234,view,1
474,134,click,3
474,173,click,3
474,50,view,1
474,174,view,1
474,23,click,3
474,159,order,5
474,247,view,1
474,268,view,1
475,265,view,1
475,209,view,1
475,102,click,3
475,100,click,3
475,178,view,1
475,286,order,5
475,273,view,1
475,280,view,1
475,262,order,5
475,41,view,1
475,198,view,1
475,21,click,3
475,246,view,1
475,168,view,1
475,171,click,3
475,179,click,3
476,1,click,3
476,196,view,1
476,192,view,1
476,133,view,1
476,150,click,3
476,87,view,1
476,33,view,1
476,243,view,1
476,233,view,1
476,283,view,1
476,127,view,1
476,97,order,5
476,224,click,3
476,229,view,1
476,266,click,3
476,172,view,1
476,272,click,3
477,23,order,5
477,273,click,3
477,60,order,5
477,182,view,1
477,33,order,5
477,100,view,1
477,178,order,5
477,198,click,3
477,156,view,1
477,257,view,1
477,293,view,1
477,58,view,1
477,265,view,1
477,179,view,1
478,207,view,1
478,179,view,1
478,60,view,1
478,91,order,5
478,1,view,1
478,252,view,1
478,235,order,5
478,205,view,1
478,55,view,1
478,222,order,5
478,4,order,5
478,250,click,3
478,78,order,5
478,82,order,5
478,230,click,3
478,198,order,5
479,131,view,1
479,180,order,5
479,266,view,1
479,79,view,1
479,264,order,5
479,288,view,1
479,71,click,3
479,229,click,3
479,18,click,3
479,125,view,1
479,270,view,1
479,80,order,5
479,289,order,5
479,158,click,3
479,29,order,5
479,141,view,1
480,264,view,1
480,22,order,5
480,167,order,5
480,188,view,1
480,132,order,5
480,96,view,1
480,85,view,1
480,194,click,3
480,183,order,5
480,221,view,1
480,184,click,3
480,63,view,1
480,199,click,3
480,24,click,3
480,81,click,3
480,93,order,5
480,226,view,1
480,88,view,1
480,204,order,5
481,207,order,5
481,128,click,3
481,42,view,1
481,21,click,3
481,107,view,1
481,106,click,3
481,223,view,1
481,39,view,1
481,177,order,5
481,261,view,1
481,25,order,5
481,249,view,1
481,222,view,1
481,174,order,5
481,50,view,1
481,112,order,5
481,193,click,3
481,16,view,1
481,219,view,1
482,35,click,3
482,149,order,5
482,6,view,1
482,290,view,1
482,16,order,5
482,95,click,3
482,205,view,1
482,37,view,1
482,43,order,5
482,79,view,1
482,14,view,1
482,48,click,3
482,257,click,3
482,222,view,1
482,51,view,1
482,291,order,5
482,151,click,3
482,211,click,3
483,149,view,1
483,9,view,1
483,35,order,5
483,142,view,1
483,90,order,5
483,188,view,1
483,95,view,1
483,48,view,1
483,166,view,1
483,69,view,1
483,37,order,5
484,237,click,3
484,121,click,3
484,73,order,5
484,82,view,1
484,203,view,1
484,110,order,5
484,140,view,1
484,214,order,5
484,177,order,5
485,101,click,3
485,209,order,5
485,241,view,1
485,271,order,5
485,90,order,5
485,21,view,1
485,257,click,3
485,206,click,3
485,224,view,1
485,9,order,5
485,230,order,5
485,292,view,1
485,288,order,5
485,74,view,1
485,293,view,1
485,114,view,1
485,216,click,3
485,97,click,3
485,197,order,5
486,172,order,5
486,178,order,5
486,273,click,3
486,74,order,5
486,241,click,3
486,187,view,1
486,179,click,3
486,25,view,1
486,230,order,5
486,37,order,5
486,26,view,1
486,210,order,5
486,61,order,5
486,100,view,1
487,165,order,5
487,114,order,5
487,185,view,1
487,91,order,5
487,164,view,1
487,54,view,1
487,73,view,1
487,47,order,5
487,144,view,1
487,129,order,5
487,186,view,1
487,230,view,1
487,298,click,3
487,121,order,5
488,159,click,3
488,266,view,1
488,34,view,1
488,113,view,1
488,289,order,5
488,11,view,1
488,177,click,3
488,29,click,3
488,267,order,5
488,228,order,5
488,149,view,1
488,229,view,1
488,103,order,5
488,21,view,1
488,270,click,3
488,106,view,1
488,133,view,1
489,248,order,5
489,235,view,1
489,219,click,3
489,265,view,1
489,109,view,1
489,31,view,1
489,82,order,5
489,70,view,1
489,22,click,3
489,27,click,3
489,284,order,5
489,185,view,1
489,195,view,1
489,144,order,5
489,124,click,3
489,276,click,3
489,65,click,3
489,202,order,5
489,231,click,3
490,269,order,5
490,237,click,3
490,183,view,1
490,4,click,3
490,222,click,3
490,54,click,3
490,285,click,3
490,164,view,1
490,163,view,1
490,79,view,1
490,55,click,3
490,27,view,1
490,284,order,5
490,31,order,5
490,69,view,1
491,161,click,3
491,195,click,3
491,60,view,1
491,276,order,5
491,181,click,3
491,138,view,1
491,179,view,1
491,293,click,3
491,170,view,1
491,210,click,3
491,119,view,1
491,257,click,3
491,274,click,3
491,81,click,3
492,283,click,3
492,8,order,5
492,192,view,1
492,278,view,1
492,215,view,1
492,54,view,1
492,257,order,5
492,204,view,1
493,150,click,3
493,128,order,5
493,271,order,5
493,298,view,1
493,97,order,5
493,38,view,1
493,119,click,3
493,189,view,1
493,263,view,1
493,211,view,1
493,43,view,1
493,163,order,5
494,226,order,5
494,171,view,1
494,194,view,1
494,189,view,1
494,239,order,5
494,77,order,5
494,197,order,5
494,167,view,1
494,17,view,1
494,240,order,5
495,90,view,1
495,100,click,3
495,74,click,3
495,187,click,3
495,197,order,5
495,111,view,1
495,244,view,1
495,59,order,5
495,259,view,1
495,171,view,1
495,226,view,1
495,26,view,1
496,86,view,1
496,177,click,3
496,223,order,5
496,106,click,3
496,6,order,5
496,162,order,5
496,43,view,1
496,31,view,1
497,124,view,1
497,82,view,1
497,55,view,1
497,121,view,1
497,70,view,1
497,185,view,1
497,298,order,5
497,54,click,3
497,140,order,5
497,219,order,5
497,144,order,5
497,164,view,1
497,252,view,1
497,206,order,5
498,209,view,1
498,51,view,1
498,38,view,1
498,283,click,3
498,177,view,1
498,103,view,1
498,190,click,3
498,280,order,5
498,293,order,5
498,93,view,1
499,40,click,3
499,175,view,1
499,285,view,1
499,8,order,5
499,82,order,5
499,290,view,1
499,129,order,5
499,191,view,1
499,296,click,3
499,264,click,3
499,21,click,3
499,137,view,1
499,5,view,1
499,183,view,1
499,244,click,3
499,88,click,3
499,98,view,1
499,245,view,1
499,193,view,1
500,65,view,1
500,252,view,1
500,114,view,1
500,69,order,5
500,165,order,5
500,222,view,1
500,292,view,1
500,73,order,5
500,164,view,1
500,298,order,5
500,7,order,5
500,205,view,1
500,238,click,3
500,246,order,5
500,160,click,3
500,217,view,1
501,137,view,1
501,18,view,1
501,74,order,5
501,100,order,5
501,262,click,3
501,62,view,1
501,258,order,5
501,116,click,3
502,43,view,1
502,98,order,5
502,85,click,3
502,246,order,5
502,78,view,1
502,269,view,1
502,35,click,3
502,80,order,5
502,281,click,3
502,59,view,1
503,194,click,3
503,44,view,1
503,226,click,3
503,53,click,3
503,17,order,5
503,294,click,3
503,268,view,1
503,30,view,1
503,100,order,5
503,284,view,1
503,293,order,5
503,197,view,1
504,172,view,1
504,8,click,3
504,294,view,1
504,196,view,1
504,1,view,1
504,207,view,1
504,43,view,1
504,269,view,1
504,55,view,1
504,297,click,3
504,246,view,1
504,280,click,3
504,278,view,1
504,51,order,5
504,276,view,1
504,69,view,1
504,261,view,1
504,112,order,5
504,170,view,1
505,134,click,3
505,288,click,3
505,266,click,3
505,295,order,5
505,131,order,5
505,126,view,1
505,90,click,3
505,40,click,3
506,231,click,3
506,99,view,1
506,95,view,1
506,75,view,1
506,240,order,5
506,204,view,1
506,60,order,5
506,137,view,1
506,255,click,3
506,250,click,3
506,168,order,5
507,26,click,3
507,34,view,1
507,98,order,5
507,175,view,1
507,269,order,5
507,60,click,3
507,237,order,5
507,82,click,3
507,222,view,1
507,54,order,5
507,184,click,3
507,192,view,1
507,205,view,1
507,8,view,1
507,7,view,1
507,183,view,1
507,204,order,5
507,245,view,1
508,143,click,3
508,15,click,3
508,73,order,5
508,55,view,1
508,164,order,5
508,277,click,3
508,183,view,1
508,300,view,1
509,166,order,5
509,264,view,1
509,183,view,1
509,179,view,1
509,181,view,1
509,195,click,3
509,170,click,3
509,193,click,3
509,16,click,3
509,293,view,1
509,209,view,1
509,46,order,5
509,12,click,3
509,220,view,1
509,152,view,1
509,145,view,1
509,65,click,3
509,274,click,3
509,43,click,3
510,15,order,5
510,14,click,3
510,71,view,1
510,189,view,1
510,177,view,1
510,193,click,3
510,194,view,1
510,51,view,1
510,287,view,1
511,269,view,1
511,28,order,5
511,48,view,1
511,90,view,1
511,19,order,5
511,197,order,5
511,70,click,3
511,151,order,5
511,262,view,1
511,295,click,3
511,233,order,5
511,125,view,1
511,37,view,1
511,281,click,3
511,66,click,3
511,154,order,5
511,78,view,1
511,232,view,1
511,297,view,1
511,234,click,3
512,65,view,1
512,155,view,1
512,30,view,1
512,124,view,1
512,48,order,5
512,114,order,5
512,127,view,1
512,231,order,5
512,248,view,1
512,284,order,5
512,185,click,3
512,76,view,1
512,47,view,1
512,235,view,1
512,70,view,1
512,277,view,1
512,91,click,3
512,252,click,3
513,203,view,1
513,205,click,3
513,91,order,5
513,164,view,1
513,76,view,1
513,193,view,1
513,186,view,1
513,60,view,1
513,230,view,1
513,73,view,1
513,222,click,3
513,29,click,3
513,54,view,1
513,290,click,3
513,144,view,1
513,55,view,1
513,165,order,5
513,276,view,1
513,226,view,1
514,246,view,1
514,33,click,3
514,69,click,3
514,272,view,1
514,279,view,1
514,13,click,3
514,117,order,5
514,127,view,1
514,196,order,5
514,172,click,3
514,221,click,3
514,300,click,3
514,41,view,1
514,1,order,5
515,110,view,1
515,160,click,3
515,128,view,1
515,207,click,3
515,247,order,5
515,278,view,1
515,187,order,5
515,249,view,1
515,44,order,5
516,245,view,1
516,156,view,1
516,12,click,3
516,158,order,5
516,193,order,5
516,255,view,1
516,137,order,5
516,98,order,5
516,192,order,5
516,133,click,3
516,184,click,3
516,300,view,1
516,80,order,5
516,269,view,1
516,99,order,5
516,26,view,1
516,51,order,5
516,250,order,5
516,281,click,3
516,194,view,1
517,101,order,5
517,84,view,1
517,35,click,3
517,56,click,3
517,28,view,1
517,264,view,1
517,269,click,3
517,14,view,1
518,12,order,5
518,16,order,5
518,186,view,1
518,123,click,3
518,31,click,3
518,248,order,5
518,30,click,3
518,55,view,1
518,165,order,5
518,76,click,3
518,164,view,1
518,101,view,1
518,121,view,1
518,284,click,3
518,222,view,1
519,46,click,3
519,31,click,3
519,81,view,1
519,145,click,3
519,179,view,1
519,200,order,5
519,202,order,5
519,274,order,5
520,134,click,3
520,58,order,5
520,171,view,1
520,75,view,1
520,187,view,1
520,70,view,1
520,32,view,1
520,244,click,3
520,141,view,1
520,74,order,5
520,259,order,5
520,221,click,3
520,182,view,1
520,94,view,1
520,193,view,1
520,23,click,3
520,267,order,5
520,173,view,1
521,74,click,3
521,259,view,1
521,258,view,1
521,187,view,1
521,31,click,3
521,256,view,1
521,120,view,1
521,91,view,1
521,287,view,1
521,72,view,1
521,23,view,1
521,168,click,3
521,69,order,5
521,83,view,1
521,197,order,5
521,94,order,5
521,171,order,5
522,48,click,3
522,35,order,5
522,15,click,3
522,283,view,1
522,149,click,3
522,166,order,5
522,115,view,1
522,79,click,3
522,103,order,5
522,19,click,3
522,38,order,5
522,239,click,3
522,297,view,1
522,245,click,3
522,129,order,5
522,95,click,3
522,252,order,5
522,164,click,3
522,92,order,5
522,124,view,1
523,234,order,5
523,15,click,3
523,177,view,1
523,291,click,3
523,43,click,3
523,212,order,5
523,128,order,5
523,213,click,3
523,207,click,3
523,245,view,1
523,69,click,3
523,161,order,5
523,110,click,3
523,300,view,1
523,160,view,1
523,97,view,1
524,44,click,3
524,194,view,1
524,270,view,1
524,19,order,5
524,63,view,1
524,197,view,1
524,190,view,1
524,94,view,1
524,53,order,5
524,285,order,5
525,151,order,5
525,121,click,3
525,97,view,1
525,195,view,1
525,90,view,1
525,5,view,1
525,266,view,1
525,101,order,5
525,37,order,5
525,48,view,1
525,8,view,1
525,213,view,1
525,54,view,1
525,133,view,1
525,166,order,5
525,1,order,5
525,220,view,1
526,190,click,3
526,264,view,1
526,81,click,3
526,158,view,1
526,210,view,1
526,139,order,5
526,286,view,1
526,179,view,1
526,49,view,1
526,36,view,1
527,119,click,3
527,206,click,3
527,165,click,3
527,9,order,5
527,143,click,3
527,34,click,3
527,271,view,1
527,249,view,1
527,209,view,1
527,248,view,1
528,178,view,1
528,214,view,1
528,9,order,5
528,271,order,5
528,78,view,1
528,150,click,3
528,239,view,1
528,270,view,1
529,221,view,1
529,74,click,3
529,80,order,5
529,102,click,3
529,96,order,5
529,58,view,1
529,106,click,3
529,171,view,1
529,23,view,1
529,273,view,1
529,232,view,1
529,57,view,1
529,67,view,1
529,79,click,3
529,18,click,3
529,266,click,3
529,100,view,1
529,256,view,1
529,280,view,1
529,213,click,3
530,292,view,1
530,152,order,5
530,226,view,1
530,281,view,1
530,263,view,1
530,99,click,3
530,32,order,5
530,224,order,5
530,135,click,3
530,9,order,5
530,160,view,1
530,16,view,1
530,158,view,1
530,189,click,3
530,296,view,1
530,211,view,1
530,54,order,5
530,209,view,1
530,271,view,1
530,177,order,5
531,250,order,5
531,45,view,1
531,246,click,3
531,150,order,5
531,138,order,5
531,170,click,3
531,271,view,1
531,277,click,3
531,264,order,5
531,217,view,1
531,51,view,1
531,29,view,1
531,128,view,1
531,203,order,5
531,196,click,3
531,6,view,1
532,53,order,5
532,124,view,1
532,268,click,3
532,112,order,5
532,188,click,3
532,44,click,3
532,26,view,1
532,167,click,3
532,20,view,1
532,286,click,3
532,22,click,3
532,186,view,1
532,91,order,5
532,199,click,3
532,9,click,3
533,26,view,1
533,85,view,1
533,40,click,3
533,184,click,3
533,255,order,5
533,99,click,3
533,269,order,5
533,244,order,5
533,237,order,5
534,300,order,5
534,67,click,3
534,138,view,1
534,51,order,5
534,25,order,5
534,56,view,1
534,74,view,1
534,184,view,1
534,26,click,3
534,196,view,1
534,178,view,1
534,150,view,1
534,280,order,5
534,121,view,1
534,117,click,3
534,168,view,1
534,278,view,1
534,233,view,1
534,45,view,1
535,164,view,1
535,76,click,3
535,155,view,1
535,144,view,1
535,33,view,1
535,238,view,1
535,276,order,5
535,163,view,1
535,31,view,1
535,82,click,3
535,70,view,1
535,165,view,1
535,199,view,1
535,55,click,3
535,235,view,1
535,198,view,1
535,183,view,1
536,45,view,1
536,191,view,1
536,90,order,5
536,254,view,1
536,114,view,1
536,35,view,1
536,232,order,5
536,297,order,5
536,166,order,5
536,223,view,1
536,6,order,5
537,1,view,1
537,196,view,1
537,51,view,1
537,276,view,1
537,14,order,5
537,56,order,5
537,170,click,3
537,164,view,1
537,73,order,5
537,127,view,1
537,279,order,5
538,78,view,1
538,17,view,1
538,142,click,3
538,292,view,1
538,94,view,1
538,197,view,1
538,191,view,1
538,204,view,1
538,74,order,5
538,209,click,3
538,153,view,1
538,217,order,5
538,85,view,1
538,100,view,1
538,148,view,1
538,60,view,1
538,206,view,1
538,150,click,3
538,264,view,1
539,176,click,3
539,76,click,3
539,242,view,1
539,55,order,5
539,54,order,5
539,194,click,3
539,155,view,1
539,286,click,3
539,185,click,3
539,222,click,3
539,140,view,1
540,261,view,1
540,275,view,1
540,183,view,1
540,74,view,1
540,277,order,5
540,201,click,3
540,94,view,1
540,110,click,3
540,232,click,3
541,128,click,3
541,70,order,5
541,33,order,5
541,109,view,1
541,276,click,3
541,267,click,3
541,176,click,3
541,46,order,5
541,180,view,1
542,258,view,1
542,178,view,1
542,208,view,1
542,40,click,3
542,273,view,1
542,140,view,1
542,151,click,3
542,99,view,1
542,270,order,5
542,120,click,3
542,200,view,1
543,46,click,3
543,254,click,3
543,134,order,5
543,153,view,1
543,195,click,3
543,274,view,1
543,67,view,1
543,181,view,1
543,128,view,1
543,257,view,1
543,179,view,1
543,161,view,1
543,200,view,1
543,202,view,1
543,297,view,1
543,111,view,1
543,78,view,1
544,226,view,1
544,58,click,3
544,30,order,5
544,254,click,3
544,187,order,5
544,109,view,1
544,65,view,1
544,78,click,3
544,298,view,1
544,221,click,3
544,207,view,1
544,11,view,1
544,233,click,3
544,263,click,3
544,227,view,1
544,178,click,3
544,160,view,1
544,251,click,3
545,66,click,3
545,294,click,3
545,271,view,1
545,194,order,5
545,40,order,5
545,251,order,5
545,135,view,1
545,173,order,5
545,59,click,3
545,195,order,5
546,269,view,1
546,94,view,1
546,242,view,1
546,84,click,3
546,98,click,3
546,85,view,1
546,140,view,1
546,26,view,1
546,8,view,1
546,170,order,5
546,193,order,5
546,246,view,1
546,28,view,1
547,195,view,1
547,64,view,1
547,46,order,5
547,24,view,1
547,183,click,3
547,233,view,1
547,246,click,3
547,11,order,5
547,271,view,1
547,181,click,3
547,161,click,3
547,251,view,1
547,175,view,1
547,293,click,3
547,179,order,5
547,81,click,3
547,200,view,1
547,106,order,5
548,138,view,1
548,217,order,5
548,132,click,3
548,243,click,3
548,34,click,3
548,280,view,1
548,133,view,1
548,33,order,5
549,286,view,1
549,24,view,1
549,54,click,3
549,161,order,5
549,179,order,5
549,81,view,1
549,99,view,1
549,112,view,1
549,67,click,3
549,15,view,1
549,181,click,3
549,264,order,5
550,177,view,1
550,195,order,5
550,14,click,3
550,181,click,3
550,165,click,3
550,249,click,3
550,1,click,3
550,128,click,3
550,261,view,1
551,147,view,1
551,113,view,1
551,262,click,3
551,10,view,1
551,280,view,1
551,6,click,3
551,217,order,5
551,184,click,3
551,110,order,5
552,98,view,1
552,9,view,1
552,111,order,5
552,143,view,1
552,281,click,3
552,259,click,3
552,152,view,1
552,258,view,1
552,271,view,1
552,148,click,3
552,49,order,5
552,228,click,3
553,100,view,1
553,156,view,1
553,52,view,1
553,231,click,3
553,58,view,1
553,18,order,5
553,187,click,3
553,226,view,1
553,110,click,3
553,194,order,5
554,284,view,1
554,67,view,1
554,155,view,1
554,238,view,1
554,54,order,5
554,73,view,1
554,158,click,3
554,235,order,5
554,58,click,3
554,144,click,3
554,185,view,1
554,65,order,5
554,27,view,1
554,156,click,3
554,140,order,5
554,282,order,5
554,176,view,1
554,121,click,3
554,91,click,3
555,73,view,1
555,240,view,1
555,160,view,1
555,80,click,3
555,49,click,3
555,130,click,3
555,184,view,1
555,255,click,3
555,175,order,5
555,228,view,1
555,26,view,1
555,108,view,1
555,40,view,1
555,284,order,5
555,137,click,3
555,41,view,1
555,135,click,3
555,21,view,1
556,196,view,1
556,138,order,5
556,66,view,1
556,246,view,1
556,170,order,5
556,168,view,1
556,191,view,1
556,251,order,5
556,178,view,1
557,165,view,1
557,235,click,3
557,76,view,1
557,9,view,1
557,155,click,3
557,252,view,1
557,205,view,1
557,16,view,1
558,174,view,1
558,160,click,3
558,70,click,3
558,124,order,5
558,35,view,1
558,106,order,5
558,214,view,1
558,202,order,5
558,249,view,1
558,20,order,5
559,111,view,1
559,136,order,5
559,263,view,1
559,271,view,1
559,207,order,5
559,81,click,3
559,281,order,5
559,174,click,3
559,14,click,3
560,161,order,5
560,181,view,1
560,153,click,3
560,145,view,1
560,29,click,3
560,78,view,1
560,69,view,1
560,198,order,5
560,160,click,3
560,66,view,1
560,264,order,5
560,200,view,1
561,12,view,1
561,11,click,3
561,264,click,3
561,180,view,1
561,266,view,1
561,134,view,1
561,54,click,3
561,140,view,1
561,113,order,5
561,21,click,3
561,242,view,1
561,91,click,3
561,145,click,3
561,288,view,1
562,156,click,3
562,80,view,1
562,237,view,1
562,8,view,1
562,191,click,3
562,240,view,1
562,69,view,1
562,215,click,3
562,75,view,1
562,111,view,1
562,218,click,3
562,73,view,1
562,123,order,5
562,74,order,5
562,3,view,1
562,131,click,3
562,193,order,5
562,130,order,5
563,55,view,1
563,135,view,1
563,169,order,5
563,226,view,1
563,239,view,1
563,95,click,3
563,37,view,1
563,294,click,3
563,66,view,1
563,197,click,3
563,196,view,1
563,139,order,5
563,136,click,3
564,143,view,1
564,69,view,1
564,284,order,5
564,177,click,3
564,180,order,5
564,129,click,3
564,145,view,1
564,101,order,5
564,116,view,1
564,29,click,3
565,91,order,5
565,20,order,5
565,284,click,3
565,186,order,5
565,267,click,3
565,54,view,1
565,4,order,5
565,83,view,1
565,47,click,3
565,163,view,1
565,124,view,1
565,31,view,1
565,183,view,1
565,249,click,3
565,167,view,1
565,30,view,1
565,70,view,1
565,277,view,1
566,74,view,1
566,221,order,5
566,163,click,3
566,51,view,1
566,41,view,1
566,297,click,3
566,102,view,1
566,173,view,1
566,262,click,3
566,177,order,5
566,267,view,1
566,46,order,5
566,58,view,1
567,297,click,3
567,287,order,5
567,58,order,5
567,182,view,1
567,118,order,5
567,74,view,1
567,102,click,3
567,254,view,1
567,83,view,1
567,168,view,1
567,71,order,5
567,100,order,5
567,72,click,3
567,171,view,1
567,114,click,3
567,94,view,1
568,92,view,1
568,149,view,1
568,297,view,1
568,98,view,1
568,194,order,5
568,55,click,3
568,151,order,5
568,37,order,5
568,171,order,5
569,43,click,3
569,278,view,1
569,249,view,1
569,71,click,3
569,106,view,1
569,128,order,5
569,105,view,1
569,135,order,5
569,42,view,1
570,100,click,3
570,48,view,1
570,15,view,1
570,22,order,5
570,234,view,1
570,249,order,5
570,135,view,1
570,14,view,1
570,112,view,1
570,294,click,3
570,160,click,3
570,2,click,3
570,16,view,1
570,25,order,5
570,128,click,3
570,74,click,3
570,152,click,3
570,217,view,1
571,214,click,3
571,148,click,3
571,58,view,1
571,270,click,3
571,44,view,1
571,159,order,5
571,227,view,1
571,288,order,5
571,237,view,1
571,131,click,3
571,196,click,3
571,59,view,1
571,172,view,1
571,140,view,1
571,180,view,1
571,17,view,1
571,116,order,5
571,190,view,1
572,192,click,3
572,269,order,5
572,22,order,5
572,197,click,3
572,63,view,1
572,199,view,1
572,179,view,1
572,226,view,1
572,98,click,3
572,88,click,3
572,65,view,1
572,201,order,5
572,294,view,1
572,222,view,1
572,101,view,1
572,167,click,3
572,66,view,1
572,254,view,1
572,12,view,1
573,78,order,5
573,290,view,1
573,18,view,1
573,111,order,5
573,292,view,1
573,8,view,1
573,209,view,1
573,9,view,1
573,32,order,5
573,281,click,3
573,70,click,3
573,20,view,1
574,127,view,1
574,43,view,1
574,37,view,1
574,261,click,3
574,71,view,1
574,16,order,5
574,133,view,1
574,15,order,5
574,111,order,5
574,177,order,5
574,207,order,5
574,214,view,1
574,14,view,1
574,105,click,3
574,63,click,3
575,292,view,1
575,271,view,1
575,184,view,1
575,206,view,1
575,273,view,1
575,16,order,5
575,148,view,1
575,211,view,1
575,54,order,5
575,180,order,5
575,196,order,5
575,192,view,1
575,164,view,1
575,226,view,1
575,249,view,1
575,278,order,5
576,194,order,5
576,266,view,1
576,159,view,1
576,126,view,1
576,131,view,1
576,180,order,5
576,116,click,3
576,270,view,1
576,152,view,1
576,195,view,1
576,242,view,1
576,129,view,1
576,289,click,3
577,58,view,1
577,76,view,1
577,262,click,3
577,230,click,3
577,182,order,5
577,178,click,3
577,141,click,3
577,25,click,3
577,1,view,1
578,178,view,1
578,266,view,1
578,254,view,1
578,6,view,1
578,263,order,5
578,166,view,1
578,125,view,1
578,103,click,3
578,38,order,5
578,26,view,1
578,98,click,3
578,270,view,1
578,187,view,1
578,138,view,1
579,200,order,5
579,92,order,5
579,90,click,3
579,28,view,1
579,103,view,1
579,93,order,5
579,227,view,1
579,114,order,5
579,134,click,3
579,232,order,5
580,234,view,1
580,257,view,1
580,109,view,1
580,74,view,1
580,52,click,3
580,221,view,1
580,120,view,1
580,139,click,3
580,274,view,1
580,262,view,1
580,182,view,1
580,124,order,5
580,34,order,5
580,118,click,3
580,72,view,1
580,195,view,1
580,100,view,1
580,253,click,3
580,231,order,5
580,171,view,1
581,181,click,3
581,207,click,3
581,141,view,1
581,286,view,1
581,137,click,3
581,161,view,1
581,46,view,1
581,202,view,1
581,135,view,1
581,81,view,1
582,144,click,3
582,200,click,3
582,177,view,1
582,91,click,3
582,165,click,3
582,55,click,3
582,257,view,1
582,298,view,1
582,74,view,1
582,251,view,1
582,140,click,3
582,70,order,5
582,164,click,3
582,65,view,1
582,176,order,5
582,4,view,1
582,100,click,3
582,284,view,1
583,29,view,1
583,115,click,3
583,159,order,5
583,50,order,5
583,21,order,5
583,266,order,5
583,158,view,1
583,94,view,1
583,178,order,5
584,184,view,1
584,204,order,5
584,192,order,5
584,122,order,5
584,3,click,3
584,49,view,1
584,60,click,3
584,269,view,1
584,34,view,1
584,61,order,5
584,232,view,1
584,40,click,3
584,12,view,1
584,85,view,1
585,204,view,1
585,40,view,1
585,3,click,3
585,99,order,5
585,264,click,3
585,8,order,5
585,184,view,1
585,137,view,1
585,178,view,1
585,269,order,5
585,255,click,3
585,98,click,3
586,262,order,5
586,292,order,5
586,176,view,1
586,191,order,5
586,127,click,3
586,231,click,3
586,274,order,5
586,111,order,5
586,271,click,3
586,152,order,5
587,234,view,1
587,135,click,3
587,182,view,1
587,35,order,5
587,225,view,1
587,105,click,3
587,233,click,3
587,268,order,5
587,216,view,1
587,16,view,1
587,37,view,1
587,261,view,1
588,265,click,3
588,195,order,5
588,198,view,1
588,74,order,5
588,217,view,1
588,202,order,5
588,220,order,5
588,5,order,5
588,247,order,5
588,171,click,3
589,13,click,3
589,32,view,1
589,137,view,1
589,66,view,1
589,63,order,5
589,281,click,3
589,194,view,1
589,21,order,5
589,131,order,5
589,188,click,3
589,169,click,3
590,243,order,5
590,65,view,1
590,133,order,5
590,33,order,5
590,69,order,5
590,295,order,5
590,151,view,1
590,36,view,1
590,7,view,1
590,162,view,1
590,279,order,5
590,217,order,5
590,280,view,1
590,172,view,1
591,259,view,1
591,187,order,5
591,179,view,1
591,120,view,1
591,165,view,1
591,171,order,5
591,188,view,1
591,134,order,5
592,287,view,1
592,269,order,5
592,251,order,5
592,81,view,1
592,277,click,3
592,260,view,1
592,187,view,1
592,100,view,1
592,15,click,3
592,178,click,3
592,72,view,1
592,55,view,1
592,273,click,3
592,74,view,1
592,262,click,3
592,283,order,5
592,69,view,1
592,184,click,3
592,7,view,1
592,151,view,1
593,149,view,1
593,202,click,3
593,144,order,5
593,38,view,1
593,297,view,1
593,213,order,5
593,232,order,5
593,291,view,1
593,100,order,5
593,125,view,1
593,272,click,3
593,90,view,1
593,166,order,5
593,146,order,5
593,210,view,1
593,28,view,1
593,6,view,1
593,35,click,3
593,151,click,3
593,84,view,1
594,44,order,5
594,80,view,1
594,259,view,1
594,22,view,1
594,107,click,3
594,88,order,5
594,226,click,3
594,8,order,5
594,67,view,1
594,294,view,1
594,197,click,3
595,92,click,3
595,122,view,1
595,123,view,1
595,245,order,5
595,204,view,1
595,193,click,3
595,82,view,1
595,49,view,1
595,37,view,1
595,184,click,3
595,240,view,1
595,244,view,1
595,75,click,3
595,175,view,1
595,119,view,1
595,3,order,5
595,262,click,3
595,200,view,1
595,283,click,3
595,156,order,5
596,131,click,3
596,115,order,5
596,193,click,3
596,254,order,5
596,229,view,1
596,46,view,1
596,159,click,3
596,270,view,1
596,266,order,5
596,134,click,3
596,26,view,1
596,272,view,1
596,29,order,5
596,57,order,5
597,177,click,3
597,75,order,5
597,2,view,1
597,191,order,5
597,175,view,1
597,156,view,1
597,122,order,5
597,113,view,1
597,54,click,3
597,198,click,3
597,49,order,5
598,266,click,3
598,26,order,5
598,255,view,1
598,99,view,1
598,191,order,5
598,237,click,3
598,111,view,1
598,112,click,3
598,286,view,1
598,65,click,3
598,204,view,1
598,80,view,1
598,156,order,5
598,244,order,5
598,230,click,3
598,229,click,3
598,269,order,5
599,125,click,3
599,55,order,5
599,227,order,5
599,235,view,1
599,199,view,1
599,92,view,1
599,96,order,5
599,26,view,1
599,84,view,1
599,6,view,1
599,197,view,1
599,292,view,1
599,180,order,5
599,264,view,1
600,44,click,3
600,197,view,1
600,66,click,3
600,74,view,1
600,111,view,1
600,63,order,5
600,199,view,1
600,190,view,1
600,268,order,5
600,188,click,3
600,194,view,1
600,294,click,3
601,245,view,1
601,158,view,1
601,134,order,5
601,132,view,1
601,17,click,3
601,199,view,1
601,266,order,5
601,161,view,1
601,180,order,5
601,289,view,1
601,274,view,1
601,270,view,1
601,242,view,1
601,189,click,3
601,181,view,1
602,249,click,3
602,240,view,1
602,17,click,3
602,193,order,5
602,223,click,3
602,255,view,1
602,89,view,1
602,128,view,1
602,83,view,1
602,252,view,1
602,147,view,1
602,80,order,5
603,95,click,3
603,93,view,1
603,116,order,5
603,149,order,5
603,194,order,5
603,104,view,1
603,151,click,3
603,146,click,3
603,48,view,1
603,221,click,3
603,212,view,1
603,28,order,5
603,103,view,1
603,35,view,1
603,7,click,3
603,197,view,1
603,233,view,1
603,236,order,5
603,50,view,1
603,210,order,5
604,178,order,5
604,198,order,5
604,102,view,1
604,50,view,1
604,215,click,3
604,73,click,3
604,250,view,1
604,30,view,1
604,171,click,3
604,228,order,5
604,286,view,1
604,125,view,1
604,251,order,5
604,91,click,3
604,293,view,1
604,181,view,1
604,118,click,3
604,195,view,1
604,88,view,1
604,105,view,1
605,208,view,1
605,286,click,3
605,202,view,1
605,141,click,3
605,17,click,3
605,153,order,5
605,195,order,5
605,70,view,1
605,206,view,1
605,179,view,1
605,230,order,5
605,16,view,1
605,261,click,3
605,220,click,3
605,274,order,5
605,46,click,3
605,200,view,1
605,81,click,3
606,42,view,1
606,213,view,1
606,82,order,5
606,43,view,1
606,154,view,1
606,84,view,1
606,51,order,5
606,212,view,1
606,133,click,3
606,177,order,5
606,236,view,1
606,215,click,3
606,131,click,3
606,132,view,1
606,159,click,3
607,11,click,3
607,205,view,1
607,109,click,3
607,168,view,1
607,26,view,1
607,209,view,1
607,270,view,1
607,289,click,3
607,186,order,5
607,99,click,3
607,266,click,3
607,34,click,3
607,295,click,3
607,260,click,3
607,29,order,5
607,264,view,1
607,194,click,3
607,253,view,1
607,199,view,1
607,17,order,5
608,81,click,3
608,195,view,1
608,286,click,3
608,111,view,1
608,74,view,1
608,202,order,5
608,101,view,1
608,133,view,1
608,67,view,1
608,208,view,1
608,181,order,5
608,266,click,3
608,141,click,3
608,220,view,1
608,179,view,1
608,31,view,1
608,145,view,1
608,249,view,1
608,264,click,3
609,83,click,3
609,221,click,3
609,102,click,3
609,262,view,1
609,126,view,1
609,171,order,5
609,208,view,1
609,111,click,3
609,256,view,1
610,67,click,3
610,54,order,5
610,209,order,5
610,229,click,3
610,81,view,1
610,161,view,1
610,65,view,1
610,202,view,1
610,286,view,1
610,12,click,3
610,281,view,1
610,24,view,1
610,181,order,5
610,148,view,1
610,21,view,1
610,145,click,3
610,33,order,5
611,48,view,1
611,267,click,3
611,123,view,1
611,16,click,3
611,106,view,1
611,259,order,5
611,101,click,3
611,232,order,5
611,151,view,1
611,37,click,3
611,207,order,5
611,91,view,1
612,297,order,5
612,228,order,5
612,48,click,3
612,114,view,1
612,119,view,1
612,227,click,3
612,28,view,1
612,37,view,1
612,92,view,1
612,122,order,5
612,6,order,5
612,170,view,1
612,232,click,3
612,62,view,1
612,125,order,5
612,281,view,1
612,41,view,1
612,210,view,1
613,148,view,1
613,111,view,1
613,276,view,1
613,201,view,1
613,57,click,3
613,292,click,3
613,271,click,3
613,25,view,1
614,101,view,1
614,19,view,1
614,273,view,1
614,291,order,5
614,232,view,1
614,1,click,3
614,125,order,5
614,222,view,1
614,170,view,1
614,174,order,5
614,244,order,5
614,225,view,1
614,186,click,3
614,171,click,3
614,6,view,1
614,190,order,5
615,133,order,5
615,51,order,5
615,218,click,3
615,280,click,3
615,205,view,1
615,172,view,1
615,69,view,1
615,170,click,3
615,150,order,5
615,196,order,5
615,246,click,3
615,233,click,3
615,176,click,3
615,138,view,1
616,132,order,5
616,131,view,1
616,295,view,1
616,113,order,5
616,194,view,1
616,296,order,5
616,9,view,1
616,289,order,5
616,11,view,1
616,275,view,1
616,20,view,1
616,97,click,3
616,154,view,1
616,116,view,1
616,216,view,1
617,291,order,5
617,19,view,1
617,101,order,5
617,149,view,1
617,22,view,1
617,180,view,1
617,79,view,1
617,6,order,5
617,66,click,3
617,26,order,5
617,251,view,1
617,36,view,1
617,284,click,3
617,4,order,5
618,100,order,5
618,251,view,1
618,198,order,5
618,168,click,3
618,178,click,3
618,55,view,1
618,171,click,3
618,24,view,1
618,194,view,1
618,16,click,3
618,150,click,3
618,273,view,1
618,23,view,1
618,170,view,1
619,134,order,5
619,31,view,1
619,38,click,3
619,53,view,1
619,12,click,3
619,27,view,1
619,232,click,3
619,166,click,3
619,48,order,5
619,146,view,1
619,293,view,1
619,235,click,3
619,149,view,1
620,222,click,3
620,183,view,1
620,55,order,5
620,224,view,1
620,12,click,3
620,202,order,5
620,31,view,1
620,140,order,5
620,114,click,3
620,205,view,1
621,58,view,1
621,273,click,3
621,46,click,3
621,139,view,1
621,52,view,1
621,74,order,5
621,221,click,3
621,126,view,1
621,95,view,1
621,157,click,3
621,100,order,5
621,257,order,5
621,34,view,1
621,18,view,1
621,189,order,5
621,149,order,5
621,178,view,1
621,259,click,3
622,206,order,5
622,97,view,1
622,138,view,1
622,142,click,3
622,164,click,3
622,259,order,5
622,148,view,1
622,13,view,1
622,79,view,1
622,172,click,3
622,250,order,5
622,251,view,1
622,223,view,1
622,16,order,5
622,12,order,5
622,32,view,1
622,187,order,5
622,224,view,1
623,254,view,1
623,66,click,3
623,55,order,5
623,197,view,1
623,63,order,5
623,199,order,5
623,169,click,3
623,182,order,5
624,252,click,3
624,239,view,1
624,44,click,3
624,66,view,1
624,30,view,1
624,268,click,3
624,188,order,5
624,209,view,1
624,220,click,3
625,164,click,3
625,22,view,1
625,145,click,3
625,217,order,5
625,207,order,5
625,273,view,1
625,108,order,5
625,96,view,1
625,11,view,1
625,270,view,1
625,159,click,3
625,278,view,1
625,51,order,5
625,132,order,5
625,180,view,1
625,190,view,1
625,288,view,1
625,222,order,5
625,171,view,1
626,68,view,1
626,228,view,1
626,119,click,3
626,174,order,5
626,166,view,1
626,179,order,5
626,227,view,1
626,188,order,5
626,201,order,5
626,66,click,3
626,147,order,5
626,88,click,3
626,268,click,3
626,244,click,3
626,63,click,3
627,199,view,1
627,201,view,1
627,88,click,3
627,226,view,1
627,66,view,1
627,69,view,1
627,194,order,5
627,227,order,5
627,75,view,1
627,197,click,3
627,202,view,1
627,239,click,3
627,41,click,3
628,103,click,3
628,84,click,3
628,45,order,5
628,291,order,5
628,271,view,1
628,38,click,3
628,182,click,3
628,297,order,5
628,106,view,1
628,92,view,1
628,118,view,1
628,236,click,3
629,9,click,3
629,51,view,1
629,209,view,1
629,134,view,1
629,239,view,1
629,224,view,1
629,101,click,3
629,294,order,5
629,222,view,1
629,176,view,1
629,99,order,5
629,148,click,3
630,85,view,1
630,123,click,3
630,288,view,1
630,137,view,1
630,99,click,3
630,283,order,5
630,257,view,1
630,98,click,3
630,6,order,5
630,75,click,3
630,26,order,5
630,229,order,5
630,55,view,1
630,95,view,1
630,240,view,1
630,268,click,3
631,22,click,3
631,136,view,1
631,190,order,5
631,34,view,1
631,261,order,5
631,207,order,5
631,254,order,5
631,266,order,5
631,159,view,1
632,14,view,1
632,112,view,1
632,247,view,1
632,2,view,1
632,74,click,3
632,15,order,5
632,13,view,1
632,280,view,1
633,26,view,1
633,269,click,3
633,240,view,1
633,123,view,1
633,193,view,1
633,285,view,1
633,283,order,5
633,156,view,1
633,52,click,3
633,255,view,1
634,268,click,3
634,257,view,1
634,160,view,1
634,107,click,3
634,194,click,3
634,181,order,5
634,223,view,1
634,110,order,5
634,225,view,1
634,139,click,3
634,14,order,5
634,210,view,1
634,236,order,5
635,214,view,1
635,197,click,3
635,31,view,1
635,107,order,5
635,294,view,1
635,74,view,1
635,226,view,1
635,239,click,3
635,205,view,1
635,94,view,1
635,169,view,1
635,91,click,3
635,190,click,3
635,176,click,3
635,22,view,1
635,132,view,1
635,70,order,5
635,53,view,1
635,254,click,3
636,190,view,1
636,205,order,5
636,183,order,5
636,273,view,1
636,55,order,5
636,276,order,5
636,165,click,3
636,176,view,1
636,5,click,3
637,12,click,3
637,65,click,3
637,140,click,3
637,114,view,1
637,91,click,3
637,271,click,3
637,164,click,3
637,200,view,1
637,165,order,5
637,233,click,3
637,267,view,1
637,284,click,3
637,124,click,3
637,55,order,5
637,183,view,1
638,245,view,1
638,264,view,1
638,269,click,3
638,237,click,3
638,214,view,1
638,204,view,1
638,193,click,3
638,257,order,5
638,99,click,3
638,130,view,1
638,26,view,1
639,94,view,1
639,179,order,5
639,141,click,3
639,195,order,5
639,46,order,5
639,286,click,3
639,202,view,1
639,161,click,3
640,214,view,1
640,14,view,1
640,7,view,1
640,178,view,1
640,264,order,5
640,91,view,1
640,161,click,3
640,170,order,5
640,297,order,5
640,291,click,3
640,116,view,1
640,38,click,3
640,149,order,5
640,271,view,1
640,6,order,5
640,151,order,5
641,239,click,3
641,63,order,5
641,68,view,1
641,199,view,1
641,139,view,1
641,188,view,1
641,178,click,3
641,73,order,5
641,206,order,5
641,144,click,3
641,116,view,1
641,276,view,1
641,59,view,1
641,111,view,1
641,263,click,3
641,216,click,3
642,279,view,1
642,8,view,1
642,164,order,5
642,31,view,1
642,32,view,1
642,243,click,3
642,272,order,5
642,217,view,1
642,69,view,1
642,33,order,5
642,117,view,1
642,87,click,3
642,58,order,5
642,43,order,5
643,38,view,1
643,101,view,1
643,19,order,5
643,297,view,1
643,274,click,3
643,103,view,1
643,102,order,5
643,299,click,3
643,182,order,5
643,242,view,1
643,85,order,5
643,171,order,5
643,232,view,1
643,48,click,3
643,286,order,5
643,291,view,1
643,266,view,1
643,90,click,3
644,297,order,5
644,166,view,1
644,35,view,1
644,237,view,1
644,295,click,3
644,262,view,1
644,291,view,1
644,196,view,1
644,95,order,5
644,125,view,1
644,270,view,1
644,48,click,3
644,225,view,1
644,151,click,3
644,233,view,1
644,111,order,5
644,213,click,3
645,79,order,5
645,134,view,1
645,170,view,1
645,8,view,1
645,131,click,3
645,270,order,5
645,271,view,1
645,260,view,1
645,171,click,3
646,264,click,3
646,206,click,3
646,1,click,3
646,222,view,1
646,181,view,1
646,274,click,3
646,271,order,5
646,179,order,5
646,286,view,1
647,133,click,3
647,170,view,1
647,300,click,3
647,185,view,1
647,56,order,5
647,217,order,5
647,121,click,3
647,289,view,1
647,280,order,5
647,246,order,5
647,116,click,3
647,28,view,1
647,127,click,3
648,49,order,5
648,130,click,3
648,193,view,1
648,98,view,1
648,276,view,1
648,245,order,5
648,240,click,3
648,153,view,1
648,277,view,1
649,65,view,1
649,284,view,1
649,245,click,3
649,164,view,1
649,149,click,3
649,186,click,3
649,91,view,1
649,128,click,3
649,190,view,1
650,191,view,1
650,245,click,3
650,46,click,3
650,31,order,5
650,275,order,5
650,206,view,1
650,75,view,1
650,156,view,1
650,151,click,3
650,240,view,1
650,162,view,1
651,57,order,5
651,234,view,1
651,29,click,3
651,19,view,1
651,79,click,3
651,97,order,5
651,129,view,1
651,207,view,1
651,205,order,5
651,193,order,5
651,11,view,1
651,270,click,3
651,126,order,5
651,180,click,3
652,245,order,5
652,98,view,1
652,109,view,1
652,191,click,3
652,281,click,3
652,64,click,3
652,257,click,3
652,16,click,3
652,130,order,5
652,122,click,3
652,210,view,1
653,230,click,3
653,290,click,3
653,123,view,1
653,261,click,3
653,213,order,5
653,2,order,5
653,173,view,1
653,89,view,1
653,255,click,3
653,50,view,1
654,62,order,5
654,71,order,5
654,173,view,1
654,106,order,5
654,131,click,3
654,16,view,1
654,43,view,1
654,264,view,1
654,207,order,5
654,249,view,1
654,96,view,1
654,13,view,1
654,254,order,5
654,203,view,1
654,144,view,1
654,278,view,1
654,111,click,3
654,128,view,1
655,220,click,3
655,145,click,3
655,5,order,5
655,188,order,5
655,211,view,1
655,12,view,1
655,106,click,3
655,182,view,1
655,81,view,1
655,149,order,5
655,58,view,1
655,113,view,1
655,276,order,5
656,218,view,1
656,272,view,1
656,45,view,1
656,250,view,1
656,28,click,3
656,1,click,3
656,279,view,1
656,233,order,5
656,196,click,3
656,97,view,1
656,69,order,5
656,7,view,1
656,106,order,5
656,280,view,1
656,165,order,5
657,229,view,1
657,252,view,1
657,4,view,1
657,151,view,1
657,109,view,1
657,219,order,5
657,72,view,1
657,67,order,5
657,102,view,1
657,248,view,1
657,144,view,1
657,203,view,1
657,165,view,1
657,1,view,1
657,56,view,1
657,185,order,5
657,298,view,1
658,229,view,1
658,226,view,1
658,286,view,1
658,220,view,1
658,189,click,3
658,155,view,1
658,261,view,1
658,274,view,1
658,153,view,1
658,136,click,3
658,195,view,1
658,64,view,1
658,67,order,5
658,260,order,5
658,141,click,3
658,2,view,1
658,145,view,1
658,1,view,1
658,75,view,1
658,198,view,1
659,26,view,1
659,123,order,5
659,255,view,1
659,204,order,5
659,271,view,1
659,226,click,3
659,122,view,1
659,162,view,1
659,171,order,5
659,257,click,3
659,182,order,5
659,193,view,1
660,74,view,1
660,273,click,3
660,83,view,1
660,270,view,1
660,100,view,1
660,187,order,5
660,198,click,3
660,18,view,1
660,214,view,1
660,177,view,1
660,258,view,1
660,148,view,1
661,94,order,5
661,230,view,1
661,31,click,3
661,100,view,1
661,46,order,5
661,236,click,3
661,221,view,1
661,198,order,5
661,259,click,3
661,182,order,5
661,157,view,1
661,297,view,1
661,171,view,1
661,253,click,3
661,249,order,5
662,221,order,5
662,43,view,1
662,182,view,1
662,74,click,3
662,133,click,3
662,274,order,5
662,110,click,3
662,232,order,5
662,211,view,1
662,85,view,1
662,12,view,1
662,117,view,1
662,97,order,5
662,100,click,3
663,98,click,3
663,88,order,5
663,164,view,1
663,177,view,1
663,190,view,1
663,254,order,5
663,74,view,1
663,196,click,3
663,3,view,1
663,291,order,5
663,22,view,1
663,26,view,1
664,292,view,1
664,199,click,3
664,236,view,1
664,284,click,3
664,14,click,3
664,214,click,3
664,54,view,1
664,235,view,1
664,186,view,1
664,55,click,3
664,30,view,1
664,82,view,1
664,121,click,3
665,190,view,1
665,294,view,1
665,283,click,3
665,226,click,3
665,194,view,1
665,160,order,5
665,243,view,1
665,206,view,1
665,239,click,3
665,69,order,5
665,22,order,5
665,199,order,5
665,234,view,1
665,44,click,3
665,240,view,1
666,94,view,1
666,188,click,3
666,226,order,5
666,254,click,3
666,70,view,1
666,68,view,1
666,139,order,5
666,201,order,5
666,66,order,5
666,297,click,3
666,153,view,1
666,199,order,5
666,118,view,1
667,273,view,1
667,12,view,1
667,46,order,5
667,65,order,5
667,125,click,3
667,293,order,5
667,184,view,1
667,33,view,1
667,202,view,1
667,276,view,1
667,161,order,5
667,265,order,5
667,286,view,1
667,64,click,3
667,91,order,5
667,181,click,3
667,179,view,1
668,164,view,1
668,292,order,5
668,299,order,5
668,211,click,3
668,152,order,5
668,270,view,1
668,30,click,3
668,107,order,5
668,271,view,1
669,171,order,5
669,120,order,5
669,162,click,3
669,262,view,1
669,287,click,3
669,163,view,1
669,255,view,1
669,230,click,3
669,74,click,3
669,72,order,5
669,41,order,5
669,296,view,1
670,260,order,5
670,294,view,1
670,122,view,1
670,228,order,5
670,295,view,1
670,242,view,1
670,134,click,3
670,158,view,1
670,248,click,3
670,56,click,3
670,261,view,1
670,124,view,1
670,211,view,1
670,289,order,5
670,270,click,3
670,113,view,1
670,79,click,3
670,132,click,3
670,26,view,1
670,296,order,5
671,60,order,5
671,175,view,1
671,123,view,1
671,255,click,3
671,13,click,3
671,2,view,1
671,268,click,3
671,245,click,3
672,2,view,1
672,43,order,5
672,281,view,1
672,112,view,1
672,223,order,5
672,51,view,1
672,50,view,1
672,207,view,1
672,62,order,5
672,15,click,3
672,140,order,5
672,160,click,3
673,170,view,1
673,279,view,1
673,280,order,5
673,218,view,1
673,51,view,1
673,138,view,1
673,110,view,1
673,257,view,1
673,250,view,1
673,264,click,3
673,105,click,3
673,212,view,1
673,206,view,1
673,150,order,5
673,141,view,1
673,243,click,3
673,172,view,1
673,273,click,3
674,221,click,3
674,230,view,1
674,19,view,1
674,74,order,5
674,209,view,1
674,280,view,1
674,28,view,1
674,83,click,3
674,273,click,3
674,164,view,1
674,182,order,5
674,72,view,1
674,198,view,1
674,160,view,1
674,295,view,1
674,300,view,1
674,118,view,1
674,112,view,1
674,102,order,5
674,259,view,1
675,56,view,1
675,72,view,1
675,20,click,3
675,231,click,3
675,183,view,1
675,283,view,1
675,5,click,3
675,164,view,1
675,245,click,3
675,282,order,5
675,76,click,3
675,222,click,3
675,210,view,1
675,124,view,1
675,114,click,3
675,30,view,1
675,205,order,5
675,276,click,3
675,176,view,1
675,165,click,3
676,60,view,1
676,200,order,5
676,257,view,1
676,181,view,1
676,195,view,1
676,274,order,5
676,264,view,1
676,64,view,1
676,145,view,1
676,54,click,3
676,24,view,1
676,8,view,1
676,81,order,5
676,12,view,1
677,265,order,5
677,278,view,1
677,274,click,3
677,188,view,1
677,160,order,5
677,177,order,5
677,158,view,1
677,222,click,3
677,13,click,3
677,100,order,5
677,50,view,1
677,133,view,1
677,42,click,3
677,51,order,5
677,242,view,1
677,225,view,1
677,59,view,1
677,163,view,1
677,79,view,1
677,2,click,3
678,234,view,1
678,5,view,1
678,164,view,1
678,252,click,3
678,217,order,5
678,183,view,1
678,30,view,1
678,293,view,1
678,54,view,1
679,10,order,5
679,175,view,1
679,35,click,3
679,95,view,1
679,116,view,1
679,125,click,3
679,37,view,1
679,151,click,3
679,124,order,5
679,136,view,1
679,289,order,5
679,146,view,1
679,300,view,1
679,268,click,3
679,225,order,5
679,6,click,3
679,92,order,5
680,76,order,5
680,235,click,3
680,195,view,1
680,252,order,5
680,264,click,3
680,248,click,3
680,114,order,5
680,110,view,1
681,254,view,1
681,88,order,5
681,226,view,1
681,167,click,3
681,43,view,1
681,197,order,5
681,201,view,1
681,294,order,5
681,162,click,3
681,159,view,1
681,263,order,5
681,60,view,1
682,153,view,1
682,46,click,3
682,69,order,5
682,265,click,3
682,274,click,3
682,2,view,1
682,198,click,3
682,202,click,3
682,116,click,3
683,113,view,1
683,183,order,5
683,222,click,3
683,149,order,5
683,219,view,1
683,144,order,5
683,55,view,1
683,235,click,3
683,60,order,5
683,238,view,1
683,31,view,1
683,205,view,1
683,164,click,3
683,79,view,1
683,276,view,1
683,109,order,5
683,278,view,1
684,113,view,1
684,171,view,1
684,163,view,1
684,203,view,1
684,51,view,1
684,42,click,3
684,248,order,5
684,131,view,1
684,241,view,1
684,20,order,5
684,142,order,5
684,78,click,3
684,114,view,1
684,82,view,1
684,183,click,3
684,282,order,5
684,298,view,1
684,165,order,5
684,290,order,5
685,206,click,3
685,159,order,5
685,97,click,3
685,152,order,5
685,165,view,1
685,244,order,5
685,263,view,1
685,100,click,3
685,281,click,3
685,111,order,5
685,175,view,1
686,9,view,1
686,201,click,3
686,190,view,1
686,184,click,3
686,235,view,1
686,239,order,5
686,194,order,5
686,136,order,5
686,254,view,1
686,31,order,5
686,20,order,5
686,66,click,3
686,199,order,5
686,104,order,5
686,169,view,1
686,30,view,1
686,40,order,5
686,86,click,3
686,80,view,1
686,13,view,1
687,281,order,5
687,273,view,1
687,154,order,5
687,189,click,3
687,100,click,3
687,234,view,1
687,54,view,1
687,224,view,1
687,78,view,1
687,173,view,1
687,206,view,1
687,18,view,1
687,40,view,1
687,37,view,1
687,260,order,5
688,177,order,5
688,131,view,1
688,116,click,3
688,270,view,1
688,102,view,1
688,266,view,1
688,238,click,3
688,280,view,1
688,132,click,3
688,29,view,1
688,160,order,5
688,23,click,3
688,242,view,1
688,243,view,1
688,230,click,3
689,277,click,3
689,183,click,3
689,267,click,3
689,30,click,3
689,197,view,1
689,65,order,5
689,5,view,1
689,40,click,3
689,205,click,3
689,132,order,5
689,91,order,5
689,203,order,5
689,186,click,3
689,194,click,3
689,163,view,1
690,111,view,1
690,114,view,1
690,39,click,3
690,263,view,1
690,65,click,3
690,300,view,1
690,206,view,1
690,251,view,1
690,33,order,5
690,9,view,1
690,134,view,1
690,191,view,1
690,54,view,1
690,143,order,5
690,212,click,3
690,141,order,5
690,21,view,1
690,97,view,1
691,155,click,3
691,267,click,3
691,137,view,1
691,298,view,1
691,229,click,3
691,185,click,3
691,165,view,1
691,226,click,3
691,255,order,5
691,91,view,1
691,183,view,1
691,13,order,5
691,186,view,1
691,184,view,1
692,193,view,1
692,280,order,5
692,134,click,3
692,98,view,1
692,237,order,5
692,257,view,1
692,26,view,1
692,99,order,5
692,204,view,1
692,136,click,3
692,122,view,1
692,85,order,5
692,269,view,1
692,294,click,3
692,157,click,3
693,221,click,3
693,287,order,5
693,270,order,5
693,118,order,5
693,157,order,5
693,100,view,1
693,171,view,1
693,41,order,5
693,240,order,5
693,50,click,3
693,243,view,1
693,74,view,1
693,8,view,1
693,241,view,1
693,187,view,1
693,202,click,3
693,251,order,5
693,58,view,1
694,10,view,1
694,188,view,1
694,197,view,1
694,268,view,1
694,154,click,3
694,194,click,3
694,23,order,5
694,139,view,1
694,96,order,5
694,234,view,1
694,169,order,5
694,9,click,3
694,156,click,3
694,44,order,5
694,94,order,5
694,124,view,1
694,185,click,3
694,167,view,1
694,45,view,1
694,149,view,1
695,197,order,5
695,150,order,5
695,116,view,1
695,63,view,1
695,44,click,3
695,108,order,5
695,254,view,1
695,25,order,5
695,262,view,1
695,190,click,3
695,240,view,1
695,45,order,5
695,94,view,1
696,220,view,1
696,191,view,1
696,265,order,5
696,195,click,3
696,208,view,1
696,228,order,5
696,293,view,1
696,200,view,1
696,46,view,1
696,132,view,1
697,253,order,5
697,178,view,1
697,256,view,1
697,118,click,3
697,241,order,5
697,83,view,1
697,220,order,5
697,26,click,3
697,148,view,1
697,188,click,3
697,259,view,1
697,15,view,1
697,157,order,5
697,273,view,1
697,294,click,3
698,47,order,5
698,124,order,5
698,186,view,1
698,55,click,3
698,119,view,1
698,144,click,3
698,235,view,1
698,15,click,3
698,117,click,3
698,48,click,3
698,82,view,1
698,183,click,3
698,275,view,1
698,239,view,1
698,268,click,3
698,203,click,3
698,109,view,1
698,30,click,3
699,266,view,1
699,1,click,3
699,296,click,3
699,270,view,1
699,115,view,1
699,74,order,5
699,57,view,1
699,229,view,1
700,79,view,1
700,289,click,3
700,172,order,5
700,180,view,1
700,178,order,5
700,129,view,1
700,260,view,1
700,54,click,3
700,164,view,1
700,158,view,1
700,21,click,3
701,246,order,5
701,150,click,3
701,300,view,1
701,36,view,1
701,243,view,1
701,250,view,1
701,172,view,1
701,23,view,1
701,233,click,3
701,138,click,3
701,177,view,1
701,170,click,3
701,87,order,5
701,280,view,1
701,104,click,3
702,291,order,5
702,82,order,5
702,92,view,1
702,133,click,3
702,151,view,1
702,124,click,3
702,95,view,1
702,101,click,3
702,19,view,1
702,28,order,5
702,35,view,1
702,84,click,3
702,6,view,1
702,170,view,1
702,90,click,3
702,99,click,3
703,153,view,1
703,264,order,5
703,43,view,1
703,46,view,1
703,266,view,1
703,213,order,5
703,34,order,5
703,205,click,3
703,81,order,5
703,133,view,1
703,190,view,1
703,141,view,1
703,163,click,3
704,174,click,3
704,249,view,1
704,160,click,3
704,124,view,1
704,135,view,1
704,236,view,1
704,210,click,3
704,178,view,1
704,278,order,5
704,62,view,1
704,105,order,5
705,278,click,3
705,273,view,1
705,247,view,1
705,251,view,1
705,171,view,1
705,100,click,3
705,74,view,1
705,281,view,1
705,178,click,3
705,187,view,1
705,259,view,1
705,19,order,5
705,14,view,1
705,29,order,5
706,116,view,1
706,48,click,3
706,227,view,1
706,103,order,5
706,64,view,1
706,149,order,5
706,92,view,1
706,185,view,1
706,38,view,1
706,137,click,3
707,104,click,3
707,87,order,5
707,279,click,3
707,1,view,1
707,133,order,5
707,282,view,1
707,289,view,1
707,67,view,1
707,208,view,1
707,223,view,1
707,7,click,3
707,211,view,1
707,60,view,1
707,162,click,3
708,197,view,1
708,123,view,1
708,273,order,5
708,171,view,1
708,16,view,1
708,201,view,1
708,77,order,5
708,264,view,1
709,115,click,3
709,295,view,1
709,275,view,1
709,134,order,5
709,281,click,3
709,246,view,1
709,270,view,1
709,142,view,1
709,296,view,1
709,132,click,3
709,185,view,1
709,4,view,1
709,116,order,5
709,242,click,3
709,113,order,5
709,131,click,3
709,229,order,5
709,110,click,3
710,26,order,5
710,175,order,5
710,156,order,5
710,255,view,1
710,15,order,5
710,100,view,1
710,237,click,3
710,193,order,5
710,101,click,3
710,233,order,5
710,108,view,1
710,230,order,5
710,123,view,1
710,283,view,1
710,85,view,1
710,204,view,1
710,122,order,5
710,270,view,1
710,192,click,3
710,49,click,3
711,103,view,1
711,234,click,3
711,19,view,1
711,93,view,1
711,185,order,5
711,277,order,5
711,82,click,3
711,101,view,1
711,166,view,1
711,46,view,1
711,109,order,5
711,104,view,1
711,266,view,1
711,37,order,5
711,1,click,3
712,294,click,3
712,40,view,1
712,237,click,3
712,257,order,5
712,83,view,1
712,170,view,1
712,276,view,1
712,125,view,1
712,60,order,5
712,71,order,5
712,73,view,1
712,184,order,5
713,265,order,5
713,185,click,3
713,61,order,5
713,270,view,1
713,264,view,1
713,111,view,1
713,252,view,1
713,217,view,1
713,181,click,3
714,71,click,3
714,11,click,3
714,132,order,5
714,274,view,1
714,159,click,3
714,131,view,1
714,257,view,1
714,288,click,3
714,268,view,1
714,128,order,5
714,266,view,1
714,116,view,1
714,149,view,1
715,70,order,5
715,54,view,1
715,260,view,1
715,76,order,5
715,73,view,1
715,207,order,5
715,277,view,1
715,267,view,1
715,121,view,1
715,276,click,3
715,98,click,3
716,36,view,1
716,26,click,3
716,224,view,1
716,179,view,1
716,194,order,5
716,84,click,3
716,78,view,1
716,29,view,1
716,56,view,1
716,170,view,1
716,196,view,1
716,133,click,3
716,216,view,1
716,172,order,5
716,10,view,1
716,177,order,5
717,246,view,1
717,69,click,3
717,33,order,5
717,272,view,1
717,300,view,1
717,102,view,1
717,217,view,1
717,36,view,1
717,19,view,1
717,138,view,1
717,17,view,1
717,263,click,3
717,10,order,5
717,259,order,5
717,278,click,3
717,7,click,3
717,195,view,1
717,233,view,1
717,78,view,1
717,170,click,3
718,216,view,1
718,271,click,3
718,252,click,3
718,9,view,1
718,32,click,3
718,142,order,5
718,296,view,1
718,59,view,1
718,111,click,3
719,151,view,1
719,149,order,5
719,95,click,3
719,221,view,1
719,35,view,1
719,216,view,1
719,90,order,5
719,103,order,5
719,261,view,1
719,226,view,1
719,291,order,5
719,123,view,1
719,128,click,3
719,37,view,1
719,150,click,3
719,219,view,1
720,249,click,3
720,114,view,1
720,31,order,5
720,66,view,1
720,27,order,5
720,94,view,1
720,277,view,1
720,163,view,1
720,238,view,1
720,124,order,5
720,32,view,1
720,76,click,3
720,235,order,5
720,5,order,5
721,127,view,1
721,170,order,5
721,69,click,3
721,272,click,3
721,217,view,1
721,3,order,5
721,138,view,1
721,56,order,5
721,281,click,3
722,106,view,1
722,43,order,5
722,160,order,5
722,223,click,3
722,249,click,3
722,144,order,5
722,128,view,1
722,231,view,1
722,1,view,1
722,261,view,1
722,59,view,1
722,210,view,1
722,297,click,3
723,240,order,5
723,123,order,5
723,40,view,1
723,204,click,3
723,255,view,1
723,99,click,3
723,80,view,1
723,85,click,3
723,244,order,5
723,33,order,5
723,263,view,1
724,186,click,3
724,214,view,1
724,20,view,1
724,91,order,5
724,205,click,3
724,276,click,3
724,182,order,5
724,55,click,3
724,222,order,5
724,223,view,1
724,165,click,3
724,76,click,3
724,164,click,3
725,208,order,5
725,277,view,1
725,252,click,3
725,109,view,1
725,76,order,5
725,68,click,3
725,124,order,5
725,282,click,3
725,145,order,5
725,164,view,1
725,267,click,3
725,290,view,1
725,238,click,3
725,1,order,5
725,114,order,5
725,264,view,1
725,186,view,1
725,107,order,5
725,183,view,1
725,55,click,3
726,150,view,1
726,79,view,1
726,134,view,1
726,57,order,5
726,242,click,3
726,288,view,1
726,63,order,5
726,184,order,5
726,270,view,1
726,23,click,3
726,129,click,3
726,37,view,1
726,225,order,5
726,180,click,3
726,226,order,5
727,94,view,1
727,160,view,1
727,54,order,5
727,22,view,1
727,5,click,3
727,190,view,1
727,194,view,1
727,128,view,1
728,61,view,1
728,95,view,1
728,265,view,1
728,193,view,1
728,286,order,5
728,81,click,3
728,179,view,1
728,271,view,1
728,181,order,5
728,220,view,1
729,30,click,3
729,293,view,1
729,264,view,1
729,212,view,1
729,53,view,1
729,12,click,3
729,265,order,5
729,207,view,1
729,195,order,5
729,251,order,5
729,81,view,1
729,170,view,1
729,26,order,5
730,66,view,1
730,268,view,1
730,186,view,1
730,169,click,3
730,88,click,3
730,73,view,1
730,63,view,1
730,98,view,1
731,85,click,3
731,282,view,1
731,271,view,1
731,204,view,1
731,54,click,3
731,175,view,1
731,9,view,1
731,193,click,3
731,94,click,3
731,57,view,1
731,8,view,1
731,245,click,3
731,49,click,3
731,240,view,1
731,3,view,1
731,177,order,5
731,23,view,1
731,284,view,1
731,275,click,3
731,52,order,5
732,226,view,1
732,165,view,1
732,31,view,1
732,7,view,1
732,73,view,1
732,276,view,1
732,160,view,1
732,271,click,3
732,176,order,5
732,164,view,1
732,54,order,5
732,300,view,1
732,30,click,3
732,282,click,3
732,55,view,1
732,199,order,5
732,98,view,1
732,91,order,5
732,102,view,1
732,65,view,1
733,30,view,1
733,284,order,5
733,222,view,1
733,267,view,1
733,124,view,1
733,277,order,5
733,82,order,5
733,64,order,5
734,261,click,3
734,9,order,5
734,216,order,5
734,78,view,1
734,206,view,1
734,239,view,1
734,154,click,3
734,142,order,5
734,184,view,1
734,95,order,5
734,36,click,3
735,269,view,1
735,228,view,1
735,185,click,3
735,217,view,1
735,63,view,1
735,140,order,5
735,186,view,1
735,164,click,3
735,165,view,1
735,54,click,3
736,175,order,5
736,11,order,5
736,60,view,1
736,123,order,5
736,257,order,5
736,97,view,1
736,8,view,1
736,103,view,1
737,71,order,5
737,9,view,1
737,25,click,3
737,207,order,5
737,16,click,3
737,174,click,3
737,123,view,1
737,177,click,3
737,186,view,1
737,135,view,1
737,249,view,1
737,87,view,1
737,43,order,5
737,225,order,5
737,160,view,1
737,278,click,3
737,74,click,3
737,99,view,1
737,116,order,5
738,188,order,5
738,41,click,3
738,283,order,5
738,158,view,1
738,94,click,3
738,68,click,3
738,169,click,3
738,194,view,1
738,37,order,5
738,136,click,3
738,268,click,3
738,273,view,1
738,128,order,5
738,226,view,1
738,72,view,1
739,165,order,5
739,296,order,5
739,31,view,1
739,30,click,3
739,235,view,1
739,22,view,1
739,91,view,1
739,58,click,3
739,194,view,1
739,219,click,3
739,10,view,1
739,92,order,5
739,173,view,1
739,5,order,5
739,144,view,1
739,238,order,5
739,124,click,3
740,279,order,5
740,291,click,3
740,250,order,5
740,128,order,5
740,280,view,1
740,300,view,1
740,233,click,3
740,265,click,3
740,196,view,1
740,36,view,1
740,88,order,5
740,217,order,5
740,127,view,1
740,10,click,3
740,258,view,1
740,58,order,5
740,228,click,3
740,7,view,1
740,172,view,1
740,275,view,1
741,262,view,1
741,149,order,5
741,48,view,1
741,183,view,1
741,151,view,1
741,297,order,5
741,100,view,1
741,68,view,1
741,154,click,3
741,6,order,5
741,38,order,5
741,101,order,5
741,19,view,1
742,245,view,1
742,230,view,1
742,293,click,3
742,241,order,5
742,52,click,3
742,273,click,3
742,96,view,1
742,182,order,5
742,102,order,5
742,177,click,3
742,259,click,3
743,23,view,1
743,140,click,3
743,273,order,5
743,94,click,3
743,68,click,3
743,266,view,1
743,44,view,1
743,218,click,3
743,201,click,3
743,195,order,5
743,268,view,1
744,156,view,1
744,123,view,1
744,257,order,5
744,108,order,5
744,26,order,5
744,40,click,3
744,38,click,3
744,62,click,3
744,49,click,3
744,283,click,3
744,255,view,1
745,134,view,1
745,1,order,5
745,266,order,5
745,220,order,5
745,296,order,5
745,159,order,5
745,37,view,1
745,246,view,1
745,180,click,3
745,132,view,1
745,116,view,1
745,289,view,1
745,49,order,5
746,181,view,1
746,36,view,1
746,104,view,1
746,10,click,3
746,158,view,1
746,150,order,5
746,159,order,5
746,7,order,5
746,250,click,3
746,246,view,1
746,196,order,5
746,133,view,1
746,100,click,3
746,138,click,3
746,45,view,1
746,172,view,1
746,231,click,3
747,13,view,1
747,236,order,5
747,135,view,1
747,170,view,1
747,154,click,3
747,173,view,1
747,213,click,3
747,16,view,1
747,50,view,1
747,81,order,5
747,168,view,1
747,59,view,1
747,89,click,3
747,247,order,5
748,22,order,5
748,170,view,1
748,271,view,1
748,77,view,1
748,63,view,1
748,201,view,1
748,44,click,3
748,66,click,3
748,194,click,3
748,199,order,5
748,230,view,1
748,249,click,3
748,250,view,1
748,72,order,5
748,294,click,3
748,215,view,1
749,70,click,3
749,183,click,3
749,229,click,3
749,265,view,1
749,145,view,1
749,76,order,5
749,275,order,5
749,27,order,5
749,118,order,5
749,285,order,5
749,4,view,1
749,68,view,1
749,65,order,5
749,114,order,5
749,54,click,3
749,67,view,1
749,185,view,1
749,31,click,3
749,165,click,3
750,164,click,3
750,252,order,5
750,51,click,3
750,9,order,5
750,185,view,1
750,276,order,5
750,31,click,3
750,284,order,5
750,257,view,1
751,38,view,1
751,106,click,3
751,265,click,3
751,212,order,5
751,101,click,3
751,16,view,1
751,13,click,3
751,149,order,5
751,234,view,1
751,168,click,3
751,207,click,3
751,258,order,5
751,51,click,3
751,112,view,1
752,272,order,5
752,243,view,1
752,169,click,3
752,171,click,3
752,198,order,5
752,1,view,1
752,107,view,1
752,127,order,5
752,188,view,1
752,161,view,1
752,217,order,5
752,281,click,3
752,143,view,1
752,116,view,1
752,150,click,3
752,36,view,1
752,102,order,5
752,196,view,1
753,266,click,3
753,40,view,1
753,35,view,1
753,95,order,5
753,210,view,1
753,239,view,1
753,92,click,3
753,68,view,1
753,37,order,5
753,297,view,1
753,125,order,5
754,13,click,3
754,149,view,1
754,236,click,3
754,210,click,3
754,234,view,1
754,39,view,1
754,50,view,1
754,196,click,3
754,261,view,1
754,229,view,1
754,32,order,5
754,268,click,3
754,160,click,3
755,15,view,1
755,236,view,1
755,106,click,3
755,33,order,5
755,86,order,5
755,177,order,5
755,207,order,5
755,261,click,3
755,102,view,1
755,14,click,3
755,89,view,1
756,21,view,1
756,229,click,3
756,108,view,1
756,260,view,1
756,187,order,5
756,29,view,1
756,26,view,1
756,159,view,1
756,18,view,1
756,220,view,1
756,221,view,1
756,295,view,1
756,79,view,1
756,134,order,5
756,242,view,1
756,270,view,1
756,11,view,1
757,17,order,5
757,93,click,3
757,131,view,1
757,121,view,1
757,180,view,1
757,34,order,5
757,96,view,1
757,29,click,3
757,282,view,1
757,260,click,3
757,266,click,3
757,272,view,1
757,170,view,1
757,268,click,3
757,189,view,1
757,184,order,5
757,36,order,5
757,160,click,3
758,193,view,1
758,46,view,1
758,244,click,3
758,216,view,1
758,221,view,1
758,259,click,3
758,186,view,1
758,251,view,1
758,296,view,1
758,23,view,1
758,178,view,1
758,187,view,1
759,229,view,1
759,132,order,5
759,295,order,5
759,95,view,1
759,289,view,1
759,296,view,1
759,76,order,5
759,115,view,1
759,40,view,1
759,216,order,5
759,264,click,3
759,242,click,3
759,59,order,5
759,50,click,3
759,37,click,3
759,66,click,3
759,29,click,3
759,266,order,5
760,15,click,3
760,160,order,5
760,272,view,1
760,112,view,1
760,54,click,3
760,198,click,3
760,234,order,5
760,107,order,5
760,13,click,3
760,16,view,1
760,161,view,1
760,71,click,3
760,207,view,1
761,152,click,3
761,206,click,3
761,117,click,3
761,142,click,3
761,43,order,5
761,295,view,1
761,96,click,3
761,9,click,3
761,154,order,5
761,116,click,3
761,245,click,3
761,252,view,1
761,216,click,3
761,119,order,5
761,284,view,1
762,238,view,1
762,170,view,1
762,84,view,1
762,10,order,5
762,150,click,3
762,179,order,5
762,286,order,5
762,117,click,3
762,34,click,3
762,223,click,3
762,1,order,5
762,73,click,3
762,104,view,1
762,127,order,5
762,69,click,3
762,243,click,3
763,220,order,5
763,202,order,5
763,181,click,3
763,61,view,1
763,265,view,1
763,46,click,3
763,195,view,1
763,54,view,1
764,266,order,5
764,289,order,5
764,102,view,1
764,180,click,3
764,113,view,1
764,288,view,1
764,126,view,1
764,137,view,1
764,291,view,1
764,229,view,1
764,129,order,5
764,122,order,5
764,132,click,3
764,184,view,1
764,295,order,5
764,296,view,1
764,57,view,1
764,191,view,1
764,158,view,1
765,94,click,3
765,169,order,5
765,167,click,3
765,183,view,1
765,139,click,3
765,239,view,1
765,153,view,1
765,68,order,5
765,268,order,5
765,111,view,1
765,201,view,1
765,283,click,3
765,288,order,5
765,149,click,3
765,242,order,5
766,268,click,3
766,16,view,1
766,44,view,1
766,210,click,3
766,199,order,5
766,88,order,5
766,190,view,1
766,197,view,1
766,63,order,5
766,230,view,1
766,194,order,5
766,66,view,1
766,23,order,5
767,56,order,5
767,217,order,5
767,186,order,5
767,250,view,1
767,36,view,1
767,172,view,1
767,178,order,5
767,45,order,5
767,170,view,1
767,16,view,1
767,150,order,5
767,69,view,1
767,196,view,1
767,138,view,1
767,33,view,1
767,87,view,1
767,277,click,3
767,104,click,3
767,131,view,1
767,12,click,3
768,208,order,5
768,202,order,5
768,67,order,5
768,195,click,3
768,274,view,1
768,141,view,1
768,220,order,5
768,145,view,1
769,158,click,3
769,270,click,3
769,18,view,1
769,57,click,3
769,266,click,3
769,195,order,5
769,40,click,3
769,126,view,1
769,113,click,3
769,232,click,3
769,265,click,3
770,271,view,1
770,152,view,1
770,216,click,3
770,9,order,5
770,282,view,1
770,69,view,1
770,97,click,3
770,154,view,1
770,292,click,3
770,142,click,3
770,177,click,3
770,170,order,5
770,23,order,5
770,78,click,3
770,17,order,5
770,189,view,1
770,114,order,5
770,119,view,1
771,197,click,3
771,171,view,1
771,271,view,1
771,266,view,1
771,292,click,3
771,276,view,1
771,29,view,1
771,270,click,3
771,206,order,5
771,229,view,1
771,17,view,1
772,94,click,3
772,293,order,5
772,24,view,1
772,44,view,1
772,276,view,1
772,133,view,1
772,49,view,1
772,3,view,1
772,204,order,5
772,226,click,3
772,200,click,3
772,208,view,1
772,153,view,1
772,220,order,5
773,31,order,5
773,127,order,5
773,10,view,1
773,48,order,5
773,170,click,3
773,233,view,1
773,172,click,3
773,159,order,5
773,287,order,5
773,45,view,1
773,195,click,3
773,280,click,3
773,215,order,5
773,217,click,3
773,1,click,3
773,52,order,5
774,118,view,1
774,106,click,3
774,209,order,5
774,263,view,1
774,267,view,1
774,287,click,3
774,241,view,1
774,182,view,1
774,69,click,3
774,178,view,1
774,242,click,3
774,100,view,1
774,258,view,1
774,120,click,3
774,231,view,1
774,223,view,1
775,40,click,3
775,248,order,5
775,56,view,1
775,45,order,5
775,196,view,1
775,183,order,5
775,150,order,5
775,170,order,5
775,246,click,3
775,133,order,5
775,51,click,3
775,300,click,3
775,100,view,1
775,192,view,1
775,288,click,3
775,280,order,5
775,138,view,1
776,296,click,3
776,43,view,1
776,212,click,3
776,106,click,3
776,159,click,3
776,13,click,3
776,177,click,3
776,2,click,3
776,128,click,3
776,7,click,3
776,266,view,1
776,118,view,1
776,297,order,5
776,234,view,1
776,84,view,1
776,135,view,1
777,36,view,1
777,97,view,1
777,275,order,5
777,111,view,1
777,142,view,1
777,194,click,3
777,50,view,1
777,152,view,1
777,148,view,1
777,9,click,3
777,187,order,5
777,280,view,1
777,206,view,1
777,41,click,3
778,237,view,1
778,130,order,5
778,191,view,1
778,98,order,5
778,263,order,5
778,122,order,5
778,127,view,1
778,126,order,5
778,250,view,1
778,82,order,5
778,193,view,1
778,134,order,5
778,3,order,5
778,58,click,3
779,294,view,1
779,102,order,5
779,228,view,1
779,66,click,3
779,194,order,5
779,9,order,5
779,254,order,5
779,88,view,1
779,207,view,1
779,115,view,1
779,77,view,1
779,167,click,3
779,136,click,3
779,268,order,5
779,209,view,1
779,46,view,1
779,199,click,3
780,13,click,3
780,286,view,1
780,141,view,1
780,181,order,5
780,151,view,1
780,24,order,5
780,125,view,1
780,81,view,1
780,113,order,5
781,116,view,1
781,209,click,3
781,11,view,1
781,128,click,3
781,266,order,5
781,134,click,3
781,126,view,1
781,133,view,1
781,178,view,1
781,132,view,1
781,137,view,1
781,94,view,1
781,101,view,1
781,158,view,1
781,228,order,5
781,149,click,3
781,156,view,1
782,121,order,5
782,91,view,1
782,54,view,1
782,183,click,3
782,298,order,5
782,178,order,5
782,70,view,1
782,185,view,1
782,29,order,5
782,187,view,1
782,209,view,1
782,199,view,1
783,111,view,1
783,281,view,1
783,218,order,5
783,9,click,3
783,271,click,3
783,22,click,3
783,216,view,1
783,236,click,3
783,128,order,5
783,78,click,3
783,263,order,5
783,100,click,3
783,206,order,5
783,154,click,3
783,296,view,1
783,96,view,1
783,134,order,5
783,292,click,3
783,152,click,3
783,258,click,3
784,217,order,5
784,116,view,1
784,181,view,1
784,12,click,3
784,61,view,1
784,145,click,3
784,141,click,3
784,33,click,3
784,179,order,5
784,195,view,1
784,277,order,5
784,220,order,5
784,24,order,5
784,67,order,5
784,64,view,1
784,46,view,1
784,293,order,5
784,208,click,3
785,137,order,5
785,204,view,1
785,41,view,1
785,238,order,5
785,184,order,5
785,193,click,3
785,110,view,1
785,175,view,1
785,192,order,5
785,176,order,5
785,125,order,5
785,165,view,1
785,16,view,1
785,60,view,1
785,240,order,5
785,122,click,3
786,133,click,3
786,148,view,1
786,206,order,5
786,83,order,5
786,67,view,1
786,294,click,3
786,122,order,5
786,256,view,1
786,177,click,3
786,279,click,3
786,58,order,5
786,18,click,3
786,182,order,5
786,13,view,1
786,26,view,1
786,272,click,3
786,6,view,1
786,198,view,1
786,273,click,3
787,236,click,3
787,239,view,1
787,47,view,1
787,6,view,1
787,273,click,3
787,72,click,3
787,100,click,3
787,276,click,3
787,180,order,5
787,194,order,5
787,198,click,3
787,98,order,5
787,188,order,5
787,131,view,1
787,119,click,3
788,280,order,5
788,33,click,3
788,7,view,1
788,133,view,1
788,217,view,1
788,54,view,1
788,104,view,1
788,3,order,5
788,246,click,3
788,36,click,3
788,51,click,3
788,156,click,3
788,196,click,3
788,12,click,3
788,233,click,3
788,1,view,1
788,85,click,3
788,300,view,1
788,250,view,1
788,254,click,3
789,89,order,5
789,51,view,1
789,65,click,3
789,250,click,3
789,212,view,1
789,195,order,5
789,249,click,3
789,202,click,3
789,79,click,3
789,139,view,1
789,177,click,3
789,160,click,3
789,12,order,5
789,279,click,3
789,278,view,1
789,43,click,3
789,198,view,1
789,124,click,3
789,106,click,3
789,296,order,5
790,67,order,5
790,36,order,5
790,54,view,1
790,35,view,1
790,1,view,1
790,20,click,3
790,33,view,1
790,156,view,1
790,153,view,1
790,254,click,3
790,145,order,5
790,87,view,1
790,226,click,3
790,170,view,1
790,222,view,1
791,161,click,3
791,265,view,1
791,81,click,3
791,286,view,1
791,195,order,5
791,102,view,1
791,181,view,1
791,274,view,1
791,196,order,5
791,231,click,3
791,280,view,1
791,41,order,5
791,12,view,1
792,29,view,1
792,242,view,1
792,131,order,5
792,79,order,5
792,181,view,1
792,229,click,3
792,110,order,5
792,159,view,1
792,270,order,5
792,8,view,1
792,74,view,1
792,20,click,3
792,26,click,3
792,21,view,1
793,171,view,1
793,178,view,1
793,258,view,1
793,47,order,5
793,187,order,5
793,176,order,5
793,102,view,1
793,118,view,1
793,256,click,3
793,241,order,5
793,168,click,3
793,202,order,5
793,190,view,1
793,121,order,5
793,250,view,1
793,58,order,5
793,74,view,1
794,262,order,5
794,76,view,1
794,89,view,1
794,206,view,1
794,43,view,1
794,216,view,1
794,111,order,5
794,94,click,3
794,117,order,5
794,239,view,1
795,142,click,3
795,264,click,3
795,271,click,3
795,263,order,5
795,84,order,5
795,111,click,3
795,78,click,3
795,160,click,3
795,209,click,3
795,112,click,3
795,280,order,5
795,79,order,5
795,286,order,5
796,280,order,5
796,117,order,5
796,76,click,3
796,155,click,3
796,149,view,1
796,283,view,1
796,133,view,1
796,279,order,5
796,127,view,1
796,222,order,5
796,136,view,1
796,20,click,3
797,65,click,3
797,235,view,1
797,144,click,3
797,252,click,3
797,152,view,1
797,100,view,1
797,290,view,1
797,283,order,5
798,294,click,3
798,171,view,1
798,201,view,1
798,268,view,1
798,255,view,1
798,46,view,1
798,22,view,1
798,271,click,3
799,111,view,1
799,118,click,3
799,62,order,5
799,227,order,5
799,220,order,5
799,35,view,1
799,48,view,1
799,133,click,3
799,27,view,1
799,166,order,5
799,201,click,3
800,118,view,1
800,100,view,1
800,178,click,3
800,293,order,5
800,137,view,1
800,273,click,3
800,262,order,5
800,198,click,3
800,287,view,1
800,187,click,3
800,258,view,1
800,181,click,3
800,270,view,1
800,251,click,3
801,131,click,3
801,289,order,5
801,228,click,3
801,180,click,3
801,36,view,1
801,234,view,1
801,242,order,5
801,78,order,5
801,21,order,5
801,116,view,1
801,113,order,5
801,34,click,3
801,132,click,3
801,55,view,1
802,239,view,1
802,66,order,5
802,29,order,5
802,197,click,3
802,137,view,1
802,188,view,1
802,207,click,3
802,201,click,3
802,190,view,1
802,72,view,1
803,238,order,5
803,277,click,3
803,82,click,3
803,252,view,1
803,20,view,1
803,124,view,1
803,43,click,3
803,186,view,1
803,76,click,3
803,290,view,1
803,219,view,1
803,213,order,5
803,79,view,1
803,155,order,5
803,197,order,5
803,111,click,3
803,163,order,5
804,96,order,5
804,79,order,5
804,190,view,1
804,178,view,1
804,31,view,1
804,105,view,1
804,116,view,1
804,21,view,1
804,159,view,1
804,296,view,1
805,17,view,1
805,78,view,1
805,281,order,5
805,206,click,3
805,181,click,3
805,172,view,1
805,292,view,1
805,100,view,1
805,129,click,3
805,209,order,5
805,205,view,1
805,79,order,5
805,189,order,5
805,290,order,5
805,148,view,1
805,101,click,3
805,111,view,1
805,192,order,5
805,190,view,1
805,8,view,1
806,139,click,3
806,155,order,5
806,255,view,1
806,283,view,1
806,40,view,1
806,175,click,3
806,3,view,1
806,85,view,1
806,89,view,1
806,60,view,1
806,116,order,5
806,187,order,5
806,245,order,5
806,268,view,1
806,123,click,3
807,204,click,3
807,221,view,1
807,72,order,5
807,273,click,3
807,240,order,5
807,118,click,3
807,234,view,1
807,100,click,3
807,230,click,3
807,262,view,1
807,243,click,3
807,1,view,1
808,179,view,1
808,45,click,3
808,280,view,1
808,157,view,1
808,172,order,5
808,16,view,1
808,138,order,5
808,4,order,5
808,56,click,3
808,196,view,1
808,150,view,1
808,69,view,1
808,36,view,1
808,279,view,1
809,49,click,3
809,64,order,5
809,236,click,3
809,69,click,3
809,245,view,1
809,145,order,5
809,200,click,3
809,196,view,1
809,169,view,1
809,141,view,1
809,202,order,5
809,243,click,3
809,265,click,3
809,219,order,5
809,288,click,3
809,113,view,1
810,69,view,1
810,262,view,1
810,162,click,3
810,27,click,3
810,195,view,1
810,72,click,3
810,63,view,1
810,2,click,3
810,64,order,5
811,270,click,3
811,113,order,5
811,8,order,5
811,289,click,3
811,67,click,3
811,159,order,5
811,131,order,5
811,17,click,3
811,11,view,1
811,198,order,5
811,26,view,1
811,260,view,1
811,116,view,1
811,180,view,1
811,193,click,3
812,75,order,5
812,9,view,1
812,128,order,5
812,123,view,1
812,255,order,5
812,62,view,1
812,184,click,3
812,89,order,5
812,279,click,3
812,3,view,1
812,122,view,1
812,245,order,5
812,76,click,3
812,244,view,1
812,237,order,5
812,156,order,5
812,296,order,5
812,148,order,5
812,192,click,3
813,276,order,5
813,287,order,5
813,114,view,1
813,266,view,1
813,70,click,3
813,235,click,3
813,263,view,1
813,275,click,3
814,55,view,1
814,207,click,3
814,160,view,1
814,51,order,5
814,13,view,1
814,177,order,5
814,107,view,1
814,222,view,1
814,234,view,1
814,16,view,1
814,212,order,5
814,112,order,5
814,185,order,5
814,95,click,3
814,210,click,3
814,110,order,5
815,110,order,5
815,71,click,3
815,62,view,1
815,278,order,5
815,23,order,5
815,160,click,3
815,125,view,1
815,173,order,5
815,186,view,1
815,51,order,5
816,95,click,3
816,170,click,3
816,140,view,1
816,224,view,1
816,166,order,5
816,271,click,3
816,92,view,1
816,242,order,5
816,6,order,5
816,93,view,1
816,283,order,5
816,40,order,5
816,100,view,1
816,138,view,1
816,60,view,1
816,52,view,1
816,230,order,5
816,23,view,1
816,125,view,1
816,68,view,1
817,54,order,5
817,258,view,1
817,6,view,1
817,19,click,3
817,193,view,1
817,28,view,1
817,32,click,3
817,35,view,1
817,95,view,1
817,149,view,1
817,243,order,5
817,101,view,1
817,152,view,1
817,103,view,1
817,108,view,1
818,124,view,1
818,9,click,3
818,210,view,1
818,250,click,3
818,104,view,1
818,150,order,5
818,272,click,3
818,7,click,3
818,95,view,1
818,258,order,5
818,149,view,1
818,133,view,1
818,172,view,1
819,106,order,5
819,249,view,1
819,4,view,1
819,261,order,5
819,145,order,5
819,177,order,5
819,46,click,3
819,134,order,5
819,16,view,1
819,128,view,1
819,238,order,5
819,247,click,3
819,135,order,5
819,233,view,1
819,43,view,1
819,71,order,5
819,185,click,3
819,234,view,1
820,205,view,1
820,116,click,3
820,197,click,3
820,154,view,1
820,216,click,3
820,206,order,5
820,119,click,3
820,208,click,3
820,163,view,1
820,235,click,3
820,225,view,1
820,50,click,3
820,78,view,1
821,141,order,5
821,201,click,3
821,71,order,5
821,195,order,5
821,264,view,1
821,291,view,1
821,86,order,5
821,293,order,5
821,143,view,1
822,69,order,5
822,172,order,5
822,66,view,1
822,113,view,1
822,1,order,5
822,150,click,3
822,104,order,5
822,217,click,3
822,36,view,1
822,55,click,3
822,56,view,1
823,161,click,3
823,141,view,1
823,179,view,1
823,140,order,5
823,6,view,1
823,12,click,3
823,264,view,1
823,254,view,1
823,265,click,3
823,181,order,5
823,1,view,1
823,125,order,5
823,192,view,1
823,293,click,3
823,29,click,3
823,144,order,5
823,281,view,1
823,209,order,5
823,24,order,5
823,210,view,1
824,111,view,1
824,16,order,5
824,231,view,1
824,243,click,3
824,122,view,1
824,209,view,1
824,128,view,1
824,154,order,5
824,65,view,1
824,9,view,1
824,159,view,1
824,206,view,1
824,127,view,1
824,281,view,1
824,299,click,3
824,33,view,1
824,114,order,5
824,5,view,1
824,32,view,1
824,229,view,1
825,135,click,3
825,243,view,1
825,296,click,3
825,272,order,5
825,114,view,1
825,276,view,1
825,185,click,3
825,54,click,3
825,82,click,3
825,27,order,5
825,91,click,3
825,73,view,1
825,106,order,5
825,275,order,5
826,134,view,1
826,206,order,5
826,4,order,5
826,263,click,3
826,228,view,1
826,153,order,5
826,211,click,3
826,240,view,1
826,271,view,1
826,9,order,5
826,81,click,3
826,78,view,1
826,133,view,1
826,226,view,1
826,278,view,1
826,255,view,1
827,41,click,3
827,171,order,5
827,102,click,3
827,99,click,3
827,120,order,5
827,265,order,5
827,168,order,5
827,74,view,1
827,284,click,3
827,251,view,1
827,157,click,3
828,293,view,1
828,161,view,1
828,24,order,5
828,29,click,3
828,286,order,5
828,81,click,3
828,264,view,1
828,12,order,5
828,220,order,5
829,74,view,1
829,265,order,5
829,123,order,5
829,171,order,5
829,41,click,3
829,182,view,1
829,251,click,3
829,287,view,1
829,100,view,1
829,230,view,1
829,196,view,1
829,98,view,1
829,104,view,1
829,175,click,3
829,164,order,5
829,223,order,5
830,255,click,3
830,289,view,1
830,23,order,5
830,273,click,3
830,241,view,1
830,221,click,3
830,236,view,1
830,41,view,1
830,187,view,1
830,18,click,3
830,168,order,5
830,47,view,1
830,287,view,1
831,260,view,1
831,242,click,3
831,134,view,1
831,116,view,1
831,149,click,3
831,270,view,1
831,153,click,3
831,289,view,1
831,151,view,1
831,72,view,1
831,155,order,5
831,174,view,1
831,57,view,1
831,124,order,5
831,9,order,5
832,198,order,5
832,151,order,5
832,210,click,3
832,189,view,1
832,166,view,1
832,13,order,5
832,250,view,1
832,232,click,3
832,35,view,1
832,28,order,5
832,291,view,1
832,19,view,1
832,201,order,5
832,222,view,1
833,174,click,3
833,232,view,1
833,8,view,1
833,227,view,1
833,271,click,3
833,6,view,1
833,125,order,5
833,161,view,1
833,286,view,1
833,19,click,3
834,160,view,1
834,106,order,5
834,59,order,5
834,25,click,3
834,121,click,3
834,128,click,3
834,62,view,1
834,242,order,5
834,112,order,5
834,4,view,1
834,124,view,1
834,100,click,3
834,110,view,1
834,16,click,3
834,54,view,1
834,135,order,5
834,43,view,1
834,134,view,1
834,250,order,5
834,50,view,1
835,78,view,1
835,9,view,1
835,128,view,1
835,111,click,3
835,206,click,3
835,263,view,1
835,5,view,1
835,202,view,1
835,152,order,5
835,211,view,1
835,292,click,3
835,225,click,3
835,299,view,1
835,154,view,1
835,45,click,3
836,160,view,1
836,261,order,5
836,223,order,5
836,98,order,5
836,207,order,5
836,15,click,3
836,178,click,3
836,177,order,5
836,16,click,3
836,128,view,1
836,247,view,1
836,234,click,3
836,36,view,1
837,27,click,3
837,181,click,3
837,260,view,1
837,79,order,5
837,183,order,5
837,17,order,5
837,242,click,3
837,38,view,1
837,78,view,1
837,158,order,5
837,108,view,1
837,265,order,5
837,128,view,1
838,54,view,1
838,31,click,3
838,116,click,3
838,65,view,1
838,70,click,3
838,114,order,5
838,27,view,1
838,277,order,5
838,276,view,1
838,238,view,1
838,15,view,1
839,279,click,3
839,1,click,3
839,217,order,5
839,250,view,1
839,170,view,1
839,56,click,3
839,139,click,3
839,36,click,3
839,16,click,3
839,131,view,1
839,196,order,5
839,266,click,3
839,85,order,5
839,300,order,5
839,91,click,3
839,138,view,1
839,198,view,1
839,127,view,1
839,172,order,5
839,178,view,1
840,264,order,5
840,170,view,1
840,81,view,1
840,195,order,5
840,12,click,3
840,179,order,5
840,276,click,3
840,167,view,1
840,194,click,3
840,181,order,5
840,286,order,5
840,61,order,5
840,202,click,3
840,16,view,1
840,158,click,3
840,269,click,3
840,300,view,1
840,41,click,3
840,13,order,5
840,77,click,3
841,33,view,1
841,171,view,1
841,133,order,5
841,279,view,1
841,46,view,1
841,87,click,3
841,178,order,5
841,272,click,3
841,218,order,5
841,143,order,5
841,233,view,1
841,259,view,1
841,246,order,5
841,201,view,1
841,72,order,5
841,153,order,5
842,45,view,1
842,150,view,1
842,76,view,1
842,117,click,3
842,233,order,5
842,7,view,1
842,170,view,1
842,217,view,1
842,246,view,1
842,279,click,3
842,250,click,3
842,172,view,1
842,90,order,5
842,51,order,5
842,26,view,1
842,125,view,1
842,8,order,5
843,147,click,3
843,105,view,1
843,54,view,1
843,117,view,1
843,104,view,1
843,82,view,1
843,51,order,5
843,289,click,3
843,81,click,3
844,70,order,5
844,128,order,5
844,13,click,3
844,164,view,1
844,236,view,1
844,155,view,1
844,150,view,1
844,238,view,1
844,116,click,3
844,156,click,3
844,107,click,3
844,127,view,1
844,51,click,3
844,209,click,3
845,193,view,1
845,60,view,1
845,191,order,5
845,85,view,1
845,176,click,3
845,3,order,5
845,257,view,1
845,48,view,1
845,184,order,5
845,189,order,5
845,138,click,3
845,192,view,1
845,98,view,1
845,294,click,3
845,278,view,1
845,122,view,1
845,269,order,5
845,49,order,5
845,75,order,5
845,226,view,1
846,246,view,1
846,280,click,3
846,285,view,1
846,250,view,1
846,48,order,5
846,28,view,1
846,233,view,1
846,196,order,5
846,31,view,1
846,147,click,3
846,194,view,1
846,104,click,3
846,56,click,3
846,91,view,1
846,176,view,1
846,69,order,5
847,101,view,1
847,37,click,3
847,103,view,1
847,84,view,1
847,171,view,1
847,49,click,3
847,125,click,3
847,58,view,1
847,151,order,5
847,149,order,5
847,176,click,3
847,1,click,3
847,110,click,3
847,19,view,1
847,28,view,1
847,232,click,3
848,81,view,1
848,106,order,5
848,293,order,5
848,217,view,1
848,271,click,3
848,228,view,1
848,286,click,3
848,28,view,1
848,264,view,1
848,150,view,1
848,260,view,1
848,194,view,1
848,76,view,1
848,181,view,1
848,26,view,1
848,64,order,5
848,67,click,3
849,217,order,5
849,220,click,3
849,57,view,1
849,279,view,1
849,262,view,1
849,45,order,5
849,133,order,5
849,138,view,1
849,300,order,5
849,179,click,3
850,118,view,1
850,259,order,5
850,207,click,3
850,194,click,3
850,50,order,5
850,23,view,1
850,174,view,1
850,3,order,5
850,100,view,1
850,187,click,3
850,157,order,5
850,198,click,3
850,178,order,5
850,72,order,5
851,36,order,5
851,217,view,1
851,233,order,5
851,7,click,3
851,179,view,1
851,170,view,1
851,250,order,5
851,158,view,1
851,79,view,1
851,164,view,1
851,292,order,5
851,10,click,3
851,38,click,3
851,184,click,3
852,177,view,1
852,249,view,1
852,210,click,3
852,182,order,5
852,212,click,3
852,285,view,1
852,213,click,3
852,25,view,1
852,254,click,3
852,58,order,5
852,174,click,3
853,194,order,5
853,174,click,3
853,169,click,3
853,273,view,1
853,63,click,3
853,268,order,5
853,201,view,1
853,52,click,3
853,190,click,3
853,254,view,1
853,51,view,1
853,283,click,3
853,77,view,1
853,76,click,3
853,226,order,5
853,294,view,1
853,252,order,5
853,211,order,5
853,239,view,1
854,194,order,5
854,128,view,1
854,232,view,1
854,103,view,1
854,291,view,1
854,136,order,5
854,166,view,1
854,104,order,5
854,67,click,3
854,38,click,3
854,28,view,1
854,16,click,3
854,88,click,3
854,110,view,1
855,63,order,5
855,1,view,1
855,150,order,5
855,272,view,1
855,170,view,1
855,33,click,3
855,47,view,1
855,37,order,5
855,217,click,3
856,229,order,5
856,159,click,3
856,8,view,1
856,79,click,3
856,122,order,5
856,134,click,3
856,152,click,3
856,130,view,1
856,163,view,1
856,48,click,3
856,131,view,1
856,21,click,3
856,288,view,1
856,204,order,5
856,191,view,1
857,30,click,3
857,231,view,1
857,176,order,5
857,4,click,3
857,70,click,3
857,131,view,1
857,185,click,3
857,277,view,1
857,111,view,1
857,203,view,1
858,165,view,1
858,82,click,3
858,91,view,1
858,186,order,5
858,205,order,5
858,284,view,1
858,76,view,1
858,276,view,1
858,23,view,1
858,275,view,1
858,264,click,3
858,298,click,3
858,190,order,5
858,101,view,1
858,54,view,1
858,55,view,1
858,73,order,5
859,206,order,5
859,225,click,3
859,47,order,5
859,154,order,5
859,111,order,5
859,143,order,5
859,118,order,5
859,216,view,1
859,294,order,5
859,187,view,1
860,211,view,1
860,29,click,3
860,270,click,3
860,256,view,1
860,296,view,1
860,260,view,1
860,159,click,3
860,113,view,1
860,144,click,3
860,229,click,3
860,63,view,1
860,21,view,1
860,135,order,5
860,239,click,3
860,114,click,3
860,134,order,5
860,57,order,5
860,131,view,1
861,281,view,1
861,280,view,1
861,157,click,3
861,263,view,1
861,96,order,5
861,156,view,1
861,154,view,1
861,94,view,1
861,111,view,1
861,239,order,5
861,39,view,1
861,283,view,1
861,148,click,3
861,264,click,3
861,143,view,1
861,249,view,1
861,258,order,5
861,246,view,1
862,138,order,5
862,234,view,1
862,26,click,3
862,237,view,1
862,122,view,1
862,193,view,1
862,99,click,3
862,16,order,5
862,250,order,5
862,49,view,1
862,60,view,1
862,257,click,3
862,265,click,3
862,43,order,5
862,42,order,5
863,55,view,1
863,215,view,1
863,16,view,1
863,176,click,3
863,252,view,1
863,30,view,1
863,282,view,1
863,164,click,3
863,150,view,1
863,144,view,1
863,24,order,5
863,186,view,1
864,95,order,5
864,184,click,3
864,123,click,3
864,122,view,1
864,5,view,1
864,204,click,3
864,255,order,5
864,8,order,5
864,178,view,1
864,40,view,1
864,75,view,1
864,193,order,5
864,194,view,1
864,245,order,5
864,26,order,5
864,99,view,1
864,24,view,1
864,80,click,3
865,132,view,1
865,275,view,1
865,240,click,3
865,229,view,1
865,257,view,1
865,49,click,3
865,112,view,1
865,114,view,1
865,130,view,1
865,191,order,5
865,33,view,1
865,122,view,1
865,98,click,3
865,149,order,5
865,8,view,1
866,44,click,3
866,11,view,1
866,198,order,5
866,224,click,3
866,78,order,5
866,292,view,1
866,87,view,1
866,184,view,1
866,125,view,1
866,271,click,3
866,216,order,5
866,206,view,1
866,124,view,1
867,236,order,5
867,55,order,5
867,194,click,3
867,15,view,1
867,160,order,5
867,112,view,1
867,106,view,1
867,13,order,5
867,177,order,5
867,16,view,1
867,234,click,3
867,95,click,3
867,213,view,1
868,146,view,1
868,93,click,3
868,19,view,1
868,232,view,1
868,28,order,5
868,259,click,3
868,69,order,5
868,153,order,5
868,6,order,5
868,101,order,5
868,51,order,5
869,130,view,1
869,100,view,1
869,276,click,3
869,211,order,5
869,91,view,1
869,277,view,1
869,30,click,3
869,73,view,1
869,55,click,3
869,282,view,1
869,271,view,1
869,284,order,5
869,166,view,1
869,186,click,3
870,229,view,1
870,57,click,3
870,253,view,1
870,35,view,1
870,102,click,3
870,13,order,5
870,221,order,5
870,34,click,3
870,220,click,3
870,116,view,1
870,134,order,5
870,132,click,3
871,165,order,5
871,164,click,3
871,65,order,5
871,238,order,5
871,242,view,1
871,31,click,3
871,114,click,3
871,197,view,1
871,284,click,3
872,55,click,3
872,238,view,1
872,222,click,3
872,155,order,5
872,248,click,3
872,70,view,1
872,205,click,3
872,82,view,1
872,110,click,3
872,217,view,1
873,79,view,1
873,196,click,3
873,125,click,3
873,129,view,1
873,29,order,5
873,277,view,1
873,288,order,5
873,180,order,5
873,260,click,3
873,270,order,5
873,11,view,1
873,266,click,3
873,106,view,1
873,54,order,5
873,134,view,1
873,257,view,1
874,216,view,1
874,154,order,5
874,136,view,1
874,142,view,1
874,111,order,5
874,127,view,1
874,57,view,1
874,152,order,5
874,144,view,1
874,13,order,5
874,283,order,5
874,119,view,1
874,271,order,5
874,206,order,5
875,34,order,5
875,100,view,1
875,74,view,1
875,118,click,3
875,91,view,1
875,178,order,5
875,269,view,1
875,164,order,5
875,273,click,3
875,72,view,1
876,190,view,1
876,300,click,3
876,32,view,1
876,201,view,1
876,194,view,1
876,296,view,1
876,16,view,1
876,143,order,5
877,199,click,3
877,44,view,1
877,279,view,1
877,143,view,1
877,77,view,1
877,226,order,5
877,188,click,3
877,88,view,1
878,170,click,3
878,172,view,1
878,133,view,1
878,209,view,1
878,67,order,5
878,273,order,5
878,279,view,1
878,56,view,1
878,104,click,3
878,226,order,5
878,87,click,3
879,33,order,5
879,48,order,5
879,65,click,3
879,13,view,1
879,169,view,1
879,228,view,1
879,35,view,1
879,149,click,3
879,92,click,3
879,77,order,5
880,262,view,1
880,171,view,1
880,208,view,1
880,209,order,5
880,251,click,3
880,273,view,1
880,41,view,1
880,77,view,1
880,74,click,3
880,227,click,3
880,276,view,1
880,241,view,1
881,172,click,3
881,80,view,1
881,96,click,3
881,170,view,1
881,199,click,3
881,150,order,5
881,250,view,1
881,1,view,1
881,69,view,1
882,18,order,5
882,200,order,5
882,230,view,1
882,241,view,1
882,234,order,5
882,198,order,5
882,93,view,1
882,168,click,3
882,239,order,5
882,262,view,1
883,66,click,3
883,59,order,5
883,278,order,5
883,51,view,1
883,213,view,1
883,160,view,1
883,286,view,1
883,15,order,5
883,215,order,5
883,207,click,3
883,106,view,1
883,177,click,3
884,232,view,1
884,262,view,1
884,198,click,3
884,246,order,5
884,74,click,3
884,183,click,3
884,100,view,1
884,187,click,3
884,265,click,3
884,171,view,1
884,280,view,1
885,183,click,3
885,54,view,1
885,240,click,3
885,55,view,1
885,222,view,1
885,31,order,5
885,266,click,3
885,30,order,5
885,290,click,3
885,277,click,3
885,251,view,1
885,298,click,3
885,214,view,1
885,267,click,3
885,27,view,1
886,103,order,5
886,99,view,1
886,83,click,3
886,208,order,5
886,40,order,5
886,256,order,5
886,177,view,1
886,106,order,5
886,152,view,1
886,58,click,3
886,125,view,1
886,100,view,1
886,223,click,3
886,220,view,1
886,43,click,3
887,270,view,1
887,65,order,5
887,193,view,1
887,96,view,1
887,266,order,5
887,177,view,1
887,132,view,1
887,21,click,3
887,6,view,1
887,178,order,5
887,116,view,1
887,185,view,1
887,79,view,1
887,201,view,1
887,126,click,3
887,57,view,1
887,34,view,1
887,63,view,1
887,55,click,3
888,193,view,1
888,116,click,3
888,22,view,1
888,158,click,3
888,29,view,1
888,295,view,1
888,270,view,1
888,289,order,5
888,79,view,1
888,266,click,3
888,288,click,3
888,81,click,3
888,51,view,1
888,180,view,1
888,119,order,5
888,21,click,3
888,187,view,1
889,258,order,5
889,100,click,3
889,198,view,1
889,239,click,3
889,287,click,3
889,58,click,3
889,252,view,1
889,41,order,5
889,262,click,3
889,221,view,1
889,219,view,1
889,275,order,5
889,18,view,1
889,68,click,3
889,220,click,3
889,91,view,1
889,74,order,5
890,131,view,1
890,199,click,3
890,294,view,1
890,184,view,1
890,183,view,1
890,234,view,1
890,113,order,5
890,34,click,3
890,3,view,1
890,190,order,5
890,66,view,1
890,112,order,5
890,197,view,1
890,53,order,5
890,25,view,1
890,268,view,1
890,169,view,1
890,91,view,1
890,180,order,5
890,181,view,1
891,207,view,1
891,78,view,1
891,217,click,3
891,128,click,3
891,234,click,3
891,59,view,1
891,9,view,1
891,209,view,1
891,170,order,5
891,186,click,3
891,187,click,3
891,25,click,3
891,27,view,1
891,223,view,1
891,135,view,1
891,236,click,3
891,177,view,1
891,265,view,1
891,89,view,1
891,6,click,3
892,260,click,3
892,266,view,1
892,229,view,1
892,16,order,5
892,158,view,1
892,91,view,1
892,177,click,3
892,186,order,5
892,11,order,5
892,180,click,3
893,58,click,3
893,263,view,1
893,35,view,1
893,283,order,5
893,115,view,1
893,159,order,5
893,229,view,1
893,34,order,5
893,57,view,1
893,224,order,5
893,158,click,3
893,27,view,1
894,58,view,1
894,37,click,3
894,57,view,1
894,95,view,1
894,197,view,1
894,68,view,1
894,226,view,1
894,77,click,3
894,63,click,3
894,66,view,1
894,201,view,1
894,239,view,1
894,169,click,3
894,22,view,1
894,137,view,1
894,44,click,3
894,183,order,5
894,293,order,5
895,201,view,1
895,193,click,3
895,153,click,3
895,74,click,3
895,208,order,5
895,102,click,3
895,221,order,5
895,100,view,1
895,202,order,5
896,266,order,5
896,270,view,1
896,54,view,1
896,113,order,5
896,131,view,1
896,289,view,1
896,23,view,1
896,34,view,1
896,158,view,1
896,26,order,5
896,179,view,1
896,116,view,1
896,242,order,5
896,29,order,5
896,159,click,3
896,12,view,1
896,115,view,1
897,36,click,3
897,13,click,3
897,101,click,3
897,208,click,3
897,45,order,5
897,138,click,3
897,170,view,1
897,300,view,1
897,217,click,3
897,104,order,5
897,250,click,3
897,199,view,1
898,72,view,1
898,178,view,1
898,241,view,1
898,102,view,1
898,201,click,3
898,100,view,1
898,65,order,5
898,248,order,5
899,26,view,1
899,216,order,5
899,114,view,1
899,245,view,1
899,193,click,3
899,98,order,5
899,75,view,1
899,162,view,1
899,220,order,5
900,95,click,3
900,40,view,1
900,257,order,5
900,181,click,3
900,7,click,3
900,179,view,1
900,293,view,1
900,145,order,5
901,293,click,3
901,246,order,5
901,179,view,1
901,1,view,1
901,161,view,1
901,106,view,1
901,24,click,3
901,91,view,1
901,264,click,3
901,300,view,1
901,211,view,1
902,195,click,3
902,1,click,3
902,145,click,3
902,274,order,5
902,273,order,5
902,46,order,5
902,208,view,1
902,141,order,5
902,220,view,1
903,166,view,1
903,214,view,1
903,57,order,5
903,50,view,1
903,157,order,5
903,58,view,1
903,256,order,5
903,118,view,1
903,251,order,5
903,149,order,5
903,72,click,3
903,259,view,1
903,18,click,3
903,28,view,1
903,55,click,3
903,37,click,3
903,241,click,3
903,100,view,1
903,74,order,5
904,139,order,5
904,270,click,3
904,136,view,1
904,63,click,3
904,16,view,1
904,1,view,1
904,169,order,5
904,249,view,1
904,53,click,3
905,147,view,1
905,117,click,3
905,166,view,1
905,250,click,3
905,217,click,3
905,227,order,5
905,133,click,3
905,104,view,1
905,239,order,5
905,141,view,1
905,138,view,1
905,272,click,3
905,72,order,5
905,33,order,5
905,152,click,3
906,119,view,1
906,291,view,1
906,179,view,1
906,222,view,1
906,152,view,1
906,60,order,5
906,223,click,3
906,216,view,1
906,39,order,5
906,211,view,1
906,224,order,5
907,78,click,3
907,209,view,1
907,177,view,1
907,281,click,3
907,271,click,3
907,189,click,3
907,16,view,1
907,24,order,5
907,266,view,1
907,292,view,1
907,206,click,3
907,10,view,1
907,224,order,5
907,161,view,1
907,242,order,5
907,183,view,1
907,198,view,1
908,186,order,5
908,70,click,3
908,82,order,5
908,157,click,3
908,225,click,3
908,235,click,3
908,205,order,5
908,76,order,5
908,175,click,3
908,109,click,3
908,252,order,5
908,165,view,1
908,50,click,3
909,39,order,5
909,60,view,1
909,106,view,1
909,66,click,3
909,91,order,5
909,234,click,3
909,58,view,1
909,78,view,1
909,193,order,5
909,292,view,1
909,178,click,3
909,53,view,1
909,280,click,3
909,55,view,1
909,189,view,1
910,85,order,5
910,171,click,3
910,279,click,3
910,178,order,5
910,29,view,1
910,273,click,3
910,100,view,1
910,198,order,5
910,23,view,1
910,87,click,3
910,74,order,5
910,259,view,1
910,54,click,3
910,26,view,1
910,230,view,1
910,18,order,5
910,218,order,5
910,157,view,1
910,83,click,3
911,116,click,3
911,129,click,3
911,100,order,5
911,142,click,3
911,149,click,3
911,35,view,1
911,218,order,5
911,48,order,5
911,174,view,1
911,74,click,3
911,291,view,1
911,2,view,1
911,110,click,3
911,69,click,3
911,37,view,1
911,178,order,5
911,151,click,3
911,92,view,1
911,117,view,1
911,146,order,5
912,198,click,3
912,56,click,3
912,287,order,5
912,72,click,3
912,221,order,5
912,182,order,5
912,120,view,1
912,94,click,3
912,52,click,3
912,171,click,3
912,178,click,3
912,132,view,1
912,18,view,1
913,198,click,3
913,171,view,1
913,230,view,1
913,178,view,1
913,182,click,3
913,124,view,1
913,72,view,1
913,186,order,5
913,209,order,5
914,284,order,5
914,55,click,3
914,5,view,1
914,65,order,5
914,140,view,1
914,145,view,1
914,30,click,3
914,203,view,1
914,288,order,5
914,73,view,1
914,31,view,1
914,76,view,1
914,177,order,5
914,214,order,5
914,270,view,1
914,290,click,3
915,75,click,3
915,67,view,1
915,139,view,1
915,22,order,5
915,23,click,3
915,111,click,3
915,32,view,1
915,211,order,5
915,223,view,1
915,119,view,1
915,255,click,3
915,178,view,1
915,41,view,1
915,287,click,3
916,196,click,3
916,56,click,3
916,33,view,1
916,300,view,1
916,243,view,1
916,170,view,1
916,279,view,1
916,291,view,1
916,13,view,1
916,133,click,3
917,165,view,1
917,138,click,3
917,140,view,1
917,222,order,5
917,93,view,1
917,55,order,5
917,163,view,1
917,284,view,1
917,196,click,3
917,186,click,3
917,170,view,1
917,276,click,3
917,114,click,3
917,168,view,1
917,262,view,1
917,16,view,1
917,298,order,5
917,205,order,5
917,18,view,1
917,65,view,1
918,262,click,3
918,36,view,1
918,251,click,3
918,148,view,1
918,95,order,5
918,155,view,1
918,256,order,5
918,74,click,3
918,273,order,5
918,258,click,3
918,261,view,1
919,40,order,5
919,1,view,1
919,87,click,3
919,218,view,1
919,56,click,3
919,100,click,3
919,33,order,5
919,69,view,1
919,265,view,1
919,243,order,5
919,279,view,1
919,139,view,1
919,133,click,3
919,131,view,1
919,147,view,1
919,137,view,1
919,110,click,3
919,170,order,5
920,19,order,5
920,37,view,1
920,84,click,3
920,234,order,5
920,101,view,1
920,6,view,1
920,3,view,1
920,146,view,1
920,266,click,3
920,38,view,1
920,271,view,1
920,293,order,5
920,28,view,1
920,191,click,3
920,71,click,3
920,125,view,1
921,260,view,1
921,266,order,5
921,295,view,1
921,242,view,1
921,158,view,1
921,115,view,1
921,288,click,3
921,289,click,3
921,258,order,5
922,202,view,1
922,264,order,5
922,274,click,3
922,200,view,1
922,195,order,5
922,100,view,1
922,177,view,1
922,220,order,5
923,157,order,5
923,18,view,1
923,41,order,5
923,58,click,3
923,130,click,3
923,171,view,1
923,256,click,3
923,19,view,1
923,220,order,5
923,118,view,1
923,100,click,3
923,259,click,3
923,275,view,1
923,31,click,3
924,114,click,3
924,281,order,5
924,76,view,1
924,90,click,3
924,118,click,3
924,100,click,3
924,91,click,3
924,31,view,1
924,219,view,1
924,277,view,1
924,275,view,1
924,130,order,5
924,267,view,1
924,244,view,1
924,5,click,3
924,140,view,1
925,11,order,5
925,281,order,5
925,127,order,5
925,124,order,5
925,9,view,1
925,226,click,3
925,237,order,5
925,148,view,1
925,292,order,5
925,96,view,1
925,209,view,1
925,51,view,1
925,54,view,1
925,271,view,1
925,143,view,1
925,92,click,3
925,206,view,1
925,216,view,1
925,109,view,1
925,88,view,1
926,83,view,1
926,106,order,5
926,123,view,1
926,171,order,5
926,168,order,5
926,31,click,3
926,23,order,5
926,262,view,1
926,253,view,1
926,100,click,3
926,18,order,5
926,58,click,3
926,187,view,1
926,94,order,5
926,198,click,3
926,287,view,1
926,146,click,3
926,221,view,1
926,202,order,5
926,72,order,5
927,31,view,1
927,285,view,1
927,231,click,3
927,70,order,5
927,76,view,1
927,205,view,1
927,159,view,1
927,164,view,1
927,155,view,1
927,20,view,1
927,254,view,1
927,114,view,1
927,235,order,5
927,266,view,1
927,222,click,3
927,107,click,3
927,173,view,1
927,105,order,5
927,27,view,1
927,257,view,1
928,254,order,5
928,81,order,5
928,189,click,3
928,22,order,5
928,44,order,5
928,55,view,1
928,190,click,3
928,221,order,5
928,12,view,1
928,199,click,3
929,266,view,1
929,126,view,1
929,113,view,1
929,173,view,1
929,134,order,5
929,106,order,5
929,166,click,3
929,20,click,3
929,132,view,1
929,229,order,5
930,259,click,3
930,101,view,1
930,91,order,5
930,28,order,5
930,264,click,3
930,74,click,3
930,84,click,3
930,227,view,1
930,149,order,5
930,11,view,1
930,78,order,5
930,280,view,1
930,297,view,1
930,3,order,5
930,82,order,5
930,19,click,3
930,85,click,3
930,183,order,5
930,125,order,5
930,164,view,1
931,221,view,1
931,13,view,1
931,101,click,3
931,140,click,3
931,60,click,3
931,80,view,1
931,229,view,1
931,240,view,1
931,255,view,1
931,237,order,5
931,175,click,3
931,5,view,1
931,220,view,1
931,135,click,3
932,150,view,1
932,87,order,5
932,234,order,5
932,69,order,5
932,279,view,1
932,284,view,1
932,170,view,1
932,16,view,1
932,45,view,1
932,60,order,5
932,196,order,5
932,280,order,5
932,112,view,1
932,172,view,1
933,114,click,3
933,180,view,1
933,68,order,5
933,242,click,3
933,111,order,5
933,195,view,1
933,159,view,1
933,143,order,5
933,78,view,1
933,206,view,1
933,289,view,1
933,135,view,1
934,145,click,3
934,69,click,3
934,16,click,3
934,261,click,3
934,177,view,1
934,172,click,3
934,206,order,5
934,6,view,1
934,207,view,1
934,128,order,5
934,258,view,1
934,51,view,1
934,178,view,1
934,15,view,1
934,112,click,3
934,110,view,1
934,59,view,1
934,106,view,1
934,89,view,1
934,213,view,1
935,78,click,3
935,209,click,3
935,154,click,3
935,220,view,1
935,184,order,5
935,277,view,1
935,235,click,3
935,210,click,3
935,42,order,5
935,299,view,1
935,203,click,3
935,146,order,5
935,119,order,5
936,60,click,3
936,237,view,1
936,245,view,1
936,276,view,1
936,204,order,5
936,80,view,1
936,110,view,1
936,90,view,1
936,184,view,1
936,8,click,3
936,88,view,1
936,162,view,1
936,10,order,5
936,269,order,5
936,295,click,3
936,254,view,1
936,180,order,5
937,106,order,5
937,164,order,5
937,128,view,1
937,160,view,1
937,138,order,5
937,124,click,3
937,145,view,1
937,297,click,3
937,261,view,1
937,216,view,1
937,113,click,3
937,38,view,1
937,132,view,1
937,12,click,3
938,179,view,1
938,157,order,5
938,138,view,1
938,78,click,3
938,183,view,1
938,85,order,5
938,204,order,5
938,188,view,1
938,172,click,3
939,16,view,1
939,59,order,5
939,215,view,1
939,27,order,5
939,8,view,1
939,86,click,3
939,47,view,1
939,160,view,1
939,112,view,1
939,278,order,5
939,51,click,3
939,234,view,1
939,223,view,1
939,37,view,1
939,196,order,5
939,41,view,1
939,210,order,5
939,43,view,1
940,165,view,1
940,205,click,3
940,73,click,3
940,271,order,5
940,65,view,1
940,30,view,1
940,181,view,1
940,74,order,5
940,186,click,3
941,221,click,3
941,80,view,1
941,287,click,3
941,168,order,5
941,202,click,3
941,198,view,1
941,120,order,5
941,118,click,3
941,259,view,1
942,227,click,3
942,93,click,3
942,278,order,5
942,282,click,3
942,6,order,5
942,12,view,1
942,281,click,3
942,199,order,5
942,125,order,5
942,34,order,5
942,14,click,3
942,165,view,1
942,101,view,1
942,194,view,1
942,230,click,3
943,138,order,5
943,170,view,1
943,23,view,1
943,67,order,5
943,101,click,3
943,100,order,5
943,178,order,5
943,251,view,1
943,102,view,1
943,286,click,3
943,165,view,1
943,262,click,3
943,182,view,1
943,209,order,5
943,162,click,3
943,259,view,1
943,70,click,3
944,239,order,5
944,190,order,5
944,188,click,3
944,16,click,3
944,151,order,5
944,66,click,3
944,92,view,1
944,169,view,1
944,226,view,1
944,197,view,1
944,187,order,5
944,211,view,1
944,63,click,3
944,296,click,3
944,136,click,3
944,2,view,1
944,199,click,3
944,72,click,3
944,139,click,3
945,226,order,5
945,281,view,1
945,123,click,3
945,74,click,3
945,260,order,5
945,77,click,3
945,68,view,1
945,94,view,1
945,169,view,1
945,207,view,1
945,136,order,5
945,167,view,1
945,245,view,1
945,110,click,3
945,66,view,1
945,22,click,3
945,270,order,5
945,190,view,1
946,51,order,5
946,66,click,3
946,209,view,1
946,86,click,3
946,160,view,1
946,213,click,3
946,15,view,1
946,223,order,5
946,245,view,1
946,291,order,5
946,14,order,5
946,128,view,1
946,190,view,1
946,186,click,3
946,239,order,5
946,287,order,5
946,135,click,3
946,107,order,5
946,13,view,1
946,16,order,5
947,236,view,1
947,209,view,1
947,69,view,1
947,281,click,3
947,30,view,1
947,205,view,1
947,224,click,3
947,206,view,1
947,136,order,5
947,164,click,3
947,39,order,5
947,127,view,1
947,78,view,1
948,14,view,1
948,65,order,5
948,26,view,1
948,13,click,3
948,181,click,3
948,135,view,1
948,29,order,5
948,278,view,1
948,177,view,1
948,16,click,3
948,107,click,3
948,173,view,1
949,197,click,3
949,207,click,3
949,1,view,1
949,245,click,3
949,194,view,1
949,127,click,3
949,63,click,3
949,239,view,1
949,70,click,3
949,188,view,1
949,190,view,1
949,11,click,3
949,77,order,5
949,268,view,1
949,139,view,1
949,113,click,3
949,253,click,3
949,88,view,1
949,106,order,5
949,94,click,3
950,123,view,1
950,244,click,3
950,100,click,3
950,227,view,1
950,184,order,5
950,127,click,3
950,40,order,5
950,269,view,1
950,154,order,5
950,103,view,1
950,193,click,3
950,204,click,3
950,108,order,5
950,60,order,5
950,255,order,5
951,100,view,1
951,52,view,1
951,118,view,1
951,20,view,1
951,182,click,3
951,82,view,1
951,157,click,3
951,198,order,5
951,168,view,1
951,124,view,1
951,241,click,3
951,162,view,1
951,287,order,5
951,262,view,1
951,132,view,1
951,10,click,3
951,256,view,1
951,91,view,1
952,198,view,1
952,102,view,1
952,296,click,3
952,259,click,3
952,100,order,5
952,273,view,1
952,159,order,5
952,196,order,5
952,188,click,3
952,18,order,5
953,13,view,1
953,285,click,3
953,226,order,5
953,52,order,5
953,275,order,5
953,142,click,3
953,263,view,1
953,63,order,5
953,76,order,5
953,169,view,1
953,268,click,3
954,92,click,3
954,245,click,3
954,291,click,3
954,125,click,3
954,71,order,5
954,270,view,1
954,35,click,3
954,102,view,1
954,164,view,1
954,269,view,1
954,166,click,3
954,101,click,3
955,174,order,5
955,25,view,1
955,159,view,1
955,270,view,1
955,110,view,1
955,278,order,5
955,166,view,1
955,249,click,3
955,59,click,3
955,133,click,3
955,52,view,1
955,128,click,3
955,240,view,1
955,132,order,5
955,48,order,5
955,254,view,1
955,86,view,1
956,51,click,3
956,278,view,1
956,177,view,1
956,29,view,1
956,247,view,1
956,16,view,1
956,85,order,5
956,106,order,5
957,229,view,1
957,196,view,1
957,300,view,1
957,36,click,3
957,172,view,1
957,49,click,3
957,170,view,1
957,187,view,1
957,279,order,5
957,147,view,1
957,107,order,5
957,193,click,3
957,190,order,5
957,280,click,3
957,177,view,1
957,12,view,1
958,195,order,5
958,220,click,3
958,202,view,1
958,212,click,3
958,228,view,1
958,46,view,1
958,208,view,1
958,277,click,3
958,171,view,1
958,81,view,1
958,153,view,1
958,274,view,1
958,82,view,1
958,291,order,5
958,266,click,3
958,200,click,3
958,134,order,5
959,11,order,5
959,228,view,1
959,288,order,5
959,177,click,3
959,266,order,5
959,51,view,1
959,16,click,3
959,226,click,3
959,125,order,5
959,217,order,5
959,153,order,5
959,270,click,3
959,257,view,1
960,264,view,1
960,161,order,5
960,265,click,3
960,54,view,1
960,245,order,5
960,36,click,3
960,250,order,5
960,67,click,3
960,76,view,1
960,6,click,3
960,200,view,1
960,24,view,1
960,276,click,3
960,208,click,3
960,101,view,1
961,239,click,3
961,66,view,1
961,224,view,1
961,190,order,5
961,67,click,3
961,94,click,3
961,226,click,3
961,73,order,5
961,75,view,1
961,51,view,1
961,44,click,3
961,85,view,1
961,167,view,1
961,23,click,3
961,254,click,3
961,188,view,1
962,69,click,3
962,298,order,5
962,116,view,1
962,179,view,1
962,250,order,5
962,36,view,1
962,127,order,5
962,172,click,3
962,101,click,3
963,282,view,1
963,177,view,1
963,214,click,3
963,20,view,1
963,125,click,3
963,178,click,3
963,204,click,3
963,254,click,3
963,54,click,3
963,44,view,1
963,266,order,5
963,47,view,1
963,91,click,3
963,16,order,5
963,164,order,5
963,109,click,3
963,246,view,1
963,185,view,1
963,292,click,3
963,55,click,3
964,217,order,5
964,150,order,5
964,36,order,5
964,69,click,3
964,242,order,5
964,206,order,5
964,275,click,3
964,233,click,3
965,281,click,3
965,205,view,1
965,131,order,5
965,292,click,3
965,211,view,1
965,142,view,1
965,216,order,5
965,119,click,3
965,53,order,5
965,112,view,1
965,209,view,1
965,125,click,3
965,26,order,5
965,143,view,1
965,78,view,1
965,263,view,1
966,160,view,1
966,107,order,5
966,178,view,1
966,200,view,1
966,276,view,1
966,226,view,1
966,105,view,1
966,230,view,1
966,210,order,5
966,32,view,1
966,3,click,3
966,71,click,3
966,251,view,1
966,42,view,1
966,15,click,3
966,196,click,3
966,278,view,1
966,128,view,1
966,207,order,5
967,248,click,3
967,30,click,3
967,124,view,1
967,66,click,3
967,76,view,1
967,222,click,3
967,203,view,1
967,273,view,1
967,185,view,1
967,20,view,1
967,235,view,1
967,239,view,1
967,2,view,1
967,256,view,1
967,4,view,1
967,155,click,3
967,238,click,3
967,47,click,3
967,245,view,1
967,27,order,5
968,242,view,1
968,288,click,3
968,296,view,1
968,270,view,1
968,228,view,1
968,55,click,3
968,197,view,1
968,57,view,1
968,34,view,1
968,96,order,5
968,292,view,1
968,190,order,5
968,295,view,1
969,229,view,1
969,29,view,1
969,111,click,3
969,34,click,3
969,142,order,5
969,24,click,3
969,180,view,1
969,67,click,3
970,45,click,3
970,141,view,1
970,218,view,1
970,117,click,3
970,170,order,5
970,22,order,5
970,87,view,1
970,279,click,3
970,2,order,5
970,261,view,1
970,172,view,1
970,198,view,1
970,264,click,3
970,250,click,3
970,169,view,1
970,127,click,3
970,33,click,3
970,104,click,3
971,8,order,5
971,257,order,5
971,255,view,1
971,24,click,3
971,262,view,1
971,60,order,5
971,86,order,5
971,237,view,1
971,204,click,3
971,98,click,3
971,166,click,3
971,263,view,1
971,269,view,1
971,184,click,3
971,85,order,5
971,122,click,3
972,197,order,5
972,78,order,5
972,79,order,5
972,126,click,3
972,270,click,3
972,247,view,1
972,34,view,1
972,29,view,1
972,250,order,5
972,220,click,3
972,55,view,1
973,169,view,1
973,259,click,3
973,33,view,1
973,156,click,3
973,273,view,1
973,262,view,1
973,251,order,5
973,171,view,1
973,72,order,5
973,170,view,1
973,99,click,3
973,73,click,3
973,258,view,1
973,74,click,3
973,137,click,3
973,116,click,3
974,107,view,1
974,46,view,1
974,274,click,3
974,200,click,3
974,179,view,1
974,61,order,5
974,242,view,1
974,24,view,1
974,65,view,1
974,66,view,1
974,12,order,5
974,270,view,1
974,187,click,3
975,64,order,5
975,125,click,3
975,95,view,1
975,98,click,3
975,200,click,3
975,291,view,1
975,178,view,1
975,206,view,1
975,101,click,3
975,29,click,3
975,159,view,1
975,28,view,1
975,193,click,3
975,222,click,3
975,252,click,3
975,21,view,1
975,177,order,5
975,19,view,1
975,290,view,1
975,170,order,5
976,45,order,5
976,113,click,3
976,138,click,3
976,133,view,1
976,20,view,1
976,127,view,1
976,243,view,1
976,42,order,5
977,38,view,1
977,13,view,1
977,178,click,3
977,151,order,5
977,264,view,1
977,95,click,3
977,84,order,5
977,214,order,5
978,148,click,3
978,111,click,3
978,206,click,3
978,68,view,1
978,281,view,1
978,16,click,3
978,216,order,5
978,97,click,3
978,45,click,3
978,209,view,1
978,143,order,5
978,118,view,1
978,98,order,5
978,73,view,1
979,26,view,1
979,108,order,5
979,245,view,1
979,184,view,1
979,99,view,1
979,156,click,3
979,273,view,1
979,204,click,3
979,265,view,1
979,125,order,5
979,3,order,5
979,198,view,1
979,205,click,3
979,193,view,1
979,257,view,1
979,40,view,1
979,15,view,1
979,269,click,3
979,240,view,1
980,29,click,3
980,291,view,1
980,243,order,5
980,184,order,5
980,187,click,3
980,155,view,1
980,16,view,1
980,232,view,1
980,209,view,1
980,216,click,3
980,149,order,5
980,116,order,5
981,268,view,1
981,139,order,5
981,22,click,3
981,136,order,5
981,188,click,3
981,229,order,5
981,52,order,5
981,223,click,3
981,55,click,3
981,63,view,1
981,66,view,1
981,190,order,5
981,169,view,1
981,44,order,5
981,262,click,3
981,88,click,3
982,16,click,3
982,63,view,1
982,255,click,3
982,276,view,1
982,8,click,3
982,239,view,1
982,94,view,1
982,199,click,3
982,66,click,3
983,24,order,5
983,195,click,3
983,67,order,5
983,145,click,3
983,265,order,5
983,141,click,3
983,39,view,1
983,81,view,1
983,264,view,1
983,174,order,5
983,223,view,1
983,169,view,1
983,201,view,1
984,54,click,3
984,73,click,3
984,209,view,1
984,252,view,1
984,282,click,3
984,15,click,3
984,7,view,1
984,183,click,3
984,70,view,1
984,214,view,1
984,222,view,1
985,289,view,1
985,257,click,3
985,3,order,5
985,156,view,1
985,54,click,3
985,165,view,1
985,123,click,3
985,252,view,1
985,155,view,1
985,89,view,1
985,135,view,1
985,138,click,3
986,169,click,3
986,116,view,1
986,66,view,1
986,22,order,5
986,82,view,1
986,286,click,3
986,18,click,3
986,201,view,1
986,279,order,5
986,77,view,1
986,68,click,3
986,6,click,3
986,199,click,3
986,244,view,1
987,266,order,5
987,131,view,1
987,170,order,5
987,193,view,1
987,229,order,5
987,186,order,5
987,249,view,1
987,152,view,1
987,126,order,5
987,270,view,1
987,132,order,5
987,106,view,1
987,17,view,1
987,26,view,1
987,260,view,1
988,246,view,1
988,33,view,1
988,47,order,5
988,6,view,1
988,280,order,5
988,45,click,3
988,128,click,3
988,217,order,5
988,188,view,1
988,133,order,5
989,54,view,1
989,82,click,3
989,251,order,5
989,55,click,3
989,86,click,3
989,282,view,1
989,78,order,5
989,31,click,3
989,14,order,5
990,141,view,1
990,191,order,5
990,1,order,5
990,45,view,1
990,207,view,1
990,206,order,5
990,198,view,1
990,248,click,3
990,75,click,3
990,229,view,1
990,82,view,1
991,22,order,5
991,197,view,1
991,56,click,3
991,44,click,3
991,66,order,5
991,198,view,1
991,294,view,1
991,273,order,5
991,112,click,3
991,103,order,5
991,128,order,5
991,194,click,3
991,239,click,3
991,160,click,3
991,26,view,1
991,277,order,5
991,116,view,1
991,226,view,1
991,183,view,1
992,28,view,1
992,76,click,3
992,176,click,3
992,201,view,1
992,141,view,1
992,252,click,3
992,121,click,3
992,55,view,1
992,164,click,3
992,13,click,3
992,298,click,3
992,78,view,1
992,277,click,3
993,203,click,3
993,163,order,5
993,298,view,1
993,55,click,3
993,276,view,1
993,186,order,5
993,245,view,1
993,30,order,5
993,284,view,1
993,183,view,1
993,121,view,1
993,56,view,1
993,252,view,1
993,164,click,3
993,101,click,3
993,255,view,1
993,181,view,1
993,4,view,1
993,54,order,5
993,73,click,3
994,224,view,1
994,280,view,1
994,154,click,3
994,281,click,3
994,54,click,3
994,296,view,1
994,74,click,3
994,32,click,3
994,209,view,1
994,97,order,5
994,292,view,1
994,202,view,1
994,219,view,1
994,41,click,3
995,198,view,1
995,178,view,1
995,226,view,1
995,41,view,1
995,230,view,1
995,187,order,5
995,171,view,1
995,298,click,3
995,100,view,1
995,234,click,3
996,222,order,5
996,65,view,1
996,276,view,1
996,91,view,1
996,290,view,1
996,125,view,1
996,73,click,3
996,75,click,3
996,26,view,1
996,121,click,3
997,261,order,5
997,223,order,5
997,48,click,3
997,216,order,5
997,276,view,1
997,236,view,1
997,283,view,1
997,13,click,3
997,62,view,1
997,89,view,1
997,50,click,3
998,132,view,1
998,101,click,3
998,184,view,1
998,95,view,1
998,103,order,5
998,133,click,3
998,178,view,1
998,140,view,1
998,6,order,5
998,76,view,1
998,84,view,1
998,28,view,1
998,19,view,1
999,250,order,5
999,300,click,3
999,150,click,3
999,55,order,5
999,69,view,1
999,260,click,3
999,243,view,1
999,182,view,1
999,269,click,3
999,1,order,5
999,133,click,3
999,271,click,3
999,33,order,5
999,233,view,1
999,152,click,3
1000,198,view,1
1000,259,view,1
1000,258,order,5
1000,262,order,5
1000,191,order,5
1000,276,click,3
1000,83,click,3
1000,8,view,1
1000,4,order,5
1000,171,order,5
1000,52,view,1
1000,100,view,1
